image,classe,confiance,x1,y1,x2,y2
ANFR_2755704.jpg,antenne,0.114,748.7,154.4,896.8,342.9
ANFR_2817293.jpg,antenne,0.114,286.4,764.9,438.0,941.2
ANFR_1007156.jpg,antenne,0.113,468.7,284.4,620.5,468.0
ANFR_1212322.jpg,antenne,0.113,642.0,352.4,798.7,541.1
ANFR_1511237.jpg,antenne,0.113,419.4,757.0,572.0,930.2
ANFR_1568341.jpg,antenne,0.113,82.7,77.4,234.6,261.4
ANFR_2684361.jpg,antenne,0.113,675.4,70.1,828.3,255.2
ANFR_2755704.jpg,antenne,0.113,752.4,212.2,900.7,388.7
ANFR_2755704.jpg,antenne,0.113,694.2,382.3,850.4,571.4
ANFR_2957112.jpg,antenne,0.113,769.3,411.3,915.5,590.6
ANFR_3080386.jpg,antenne,0.113,775.8,764.0,930.2,938.9
ANFR_3097731.jpg,antenne,0.113,82.0,75.9,236.4,261.1
ANFR_508958.jpg,antenne,0.113,337.4,352.2,494.9,536.3
ANFR_650117.jpg,antenne,0.113,595.0,743.8,746.7,923.4
ANFR_1010485.jpg,antenne,0.112,623.4,694.1,754.0,847.6
ANFR_1212322.jpg,antenne,0.112,105.6,507.1,262.7,695.5
ANFR_1279490.jpg,antenne,0.112,439.9,429.6,597.5,618.8
ANFR_1511237.jpg,antenne,0.112,77.5,358.3,229.8,545.6
ANFR_1513339.jpg,antenne,0.112,83.5,83.7,233.5,259.8
ANFR_1681423.jpg,antenne,0.112,417.7,417.2,568.9,596.0
ANFR_1792887.jpg,antenne,0.112,80.7,76.8,235.0,261.9
ANFR_2385920.jpg,antenne,0.112,80.6,82.7,232.5,264.8
ANFR_2543945.jpg,antenne,0.112,81.3,76.2,235.7,261.7
ANFR_2659994.jpg,antenne,0.112,775.9,363.3,928.8,546.6
ANFR_2684361.jpg,antenne,0.112,112.3,492.4,261.4,671.0
ANFR_2755704.jpg,antenne,0.112,75.7,60.4,219.6,232.2
ANFR_2876424.jpg,antenne,0.112,76.1,127.0,229.5,313.1
ANFR_2989296.jpg,antenne,0.112,638.6,87.9,783.2,260.6
ANFR_3062801.jpg,antenne,0.112,79.6,78.4,233.1,262.5
ANFR_450535.jpg,antenne,0.112,82.4,84.3,231.9,263.4
ANFR_462036.jpg,antenne,0.112,261.4,531.4,403.7,729.1
ANFR_462036.jpg,antenne,0.112,308.5,183.1,454.7,364.4
ANFR_816571.jpg,antenne,0.112,768.2,571.6,917.1,753.9
ANFR_851972.jpg,antenne,0.112,80.3,82.2,231.3,261.5
ANFR_1279490.jpg,antenne,0.111,772.9,616.6,929.2,804.6
ANFR_1456691.jpg,antenne,0.111,791.7,723.5,941.2,900.3
ANFR_1456691.jpg,antenne,0.111,790.7,614.8,942.5,794.5
ANFR_1511237.jpg,antenne,0.111,77.1,315.2,228.3,500.0
ANFR_1511237.jpg,antenne,0.111,455.6,332.1,603.7,510.3
ANFR_1513339.jpg,antenne,0.111,84.1,252.1,236.0,436.3
ANFR_1584204.jpg,antenne,0.111,104.4,207.6,261.0,395.3
ANFR_1597175.jpg,antenne,0.111,337.6,588.9,494.9,780.7
ANFR_1597175.jpg,antenne,0.111,149.8,443.7,303.6,618.0
ANFR_1597519.jpg,antenne,0.111,82.7,79.9,234.6,264.1
ANFR_1737051.jpg,antenne,0.111,434.0,762.6,592.9,941.1
ANFR_1950123.jpg,antenne,0.111,483.0,305.9,634.4,490.0
ANFR_1950494.jpg,antenne,0.111,441.0,493.6,589.0,672.1
ANFR_2049015.jpg,antenne,0.111,83.1,75.8,235.2,261.6
ANFR_2311941.jpg,antenne,0.111,105.4,458.8,261.7,642.5
ANFR_2311941.jpg,antenne,0.111,131.9,757.3,272.2,920.1
ANFR_2311941.jpg,antenne,0.111,764.3,473.5,910.6,648.7
ANFR_2368665.jpg,antenne,0.111,408.7,459.3,566.8,648.0
ANFR_2479993.jpg,antenne,0.111,80.1,78.3,233.0,262.4
ANFR_2516570.jpg,antenne,0.111,100.9,543.9,257.7,730.1
ANFR_2636551.jpg,antenne,0.111,76.8,747.8,230.3,931.3
ANFR_2659994.jpg,antenne,0.111,766.5,404.9,926.7,598.0
ANFR_2684361.jpg,antenne,0.111,769.1,722.1,924.5,903.2
ANFR_2684361.jpg,antenne,0.111,102.7,741.0,257.7,924.1
ANFR_2684361.jpg,antenne,0.111,789.3,741.8,930.7,918.7
ANFR_2690727.jpg,antenne,0.111,513.1,500.8,657.8,668.5
ANFR_2690727.jpg,antenne,0.111,83.9,78.6,235.7,262.3
ANFR_2713171.jpg,antenne,0.111,99.9,80.1,260.5,259.4
ANFR_2755704.jpg,antenne,0.111,696.6,344.3,845.8,524.0
ANFR_2755704.jpg,antenne,0.111,382.3,332.5,518.9,489.5
ANFR_2817293.jpg,antenne,0.111,285.7,737.0,424.9,908.1
ANFR_2828017.jpg,antenne,0.111,83.3,73.6,236.8,260.3
ANFR_2876424.jpg,antenne,0.111,328.7,80.2,486.2,267.9
ANFR_2885698.jpg,antenne,0.111,103.6,502.5,257.4,692.1
ANFR_3080386.jpg,antenne,0.111,84.1,81.2,235.1,262.9
ANFR_3091650.jpg,antenne,0.111,384.3,464.7,534.3,639.7
ANFR_3120599.jpg,antenne,0.111,98.8,768.6,250.9,946.1
ANFR_3143567.jpg,antenne,0.111,81.7,75.2,235.5,261.2
ANFR_3161562.jpg,antenne,0.111,80.5,77.5,234.8,262.4
ANFR_437488.jpg,antenne,0.111,105.4,80.7,263.1,262.9
ANFR_450535.jpg,antenne,0.111,438.9,317.2,590.8,497.7
ANFR_462036.jpg,antenne,0.111,204.7,374.0,348.6,543.2
ANFR_462036.jpg,antenne,0.111,255.1,501.0,406.6,689.7
ANFR_472746.jpg,antenne,0.111,113.2,747.4,262.5,921.2
ANFR_587183.jpg,antenne,0.111,411.8,443.8,564.1,620.4
ANFR_605710.jpg,antenne,0.111,261.9,386.0,413.9,569.9
ANFR_650117.jpg,antenne,0.111,773.3,67.9,931.4,255.0
ANFR_683244.jpg,antenne,0.111,76.4,746.9,230.6,931.1
ANFR_771841.jpg,antenne,0.111,126.6,90.1,281.7,264.4
ANFR_1212322.jpg,antenne,0.11,640.6,417.9,788.7,604.8
ANFR_1456691.jpg,antenne,0.11,459.2,393.6,608.0,576.4
ANFR_1513339.jpg,antenne,0.11,99.2,638.1,259.1,824.3
ANFR_1513339.jpg,antenne,0.11,532.3,79.8,690.2,265.1
ANFR_1568371.jpg,antenne,0.11,135.2,515.5,289.0,694.7
ANFR_1584204.jpg,antenne,0.11,97.2,81.2,253.8,266.4
ANFR_1584204.jpg,antenne,0.11,100.2,257.0,252.9,447.7
ANFR_1584204.jpg,antenne,0.11,362.7,523.7,508.6,703.5
ANFR_1596728.jpg,antenne,0.11,448.8,412.1,597.6,586.7
ANFR_1597175.jpg,antenne,0.11,421.1,434.8,572.5,621.6
ANFR_1597175.jpg,antenne,0.11,103.8,603.4,261.2,792.7
ANFR_1669326.jpg,antenne,0.11,483.7,232.6,640.0,412.8
ANFR_1679737.jpg,antenne,0.11,78.2,747.3,231.9,931.0
ANFR_1710227.jpg,antenne,0.11,359.0,493.6,514.8,673.9
ANFR_1831346.jpg,antenne,0.11,302.5,640.0,457.8,819.5
ANFR_1831346.jpg,antenne,0.11,97.4,74.8,256.8,263.0
ANFR_1950494.jpg,antenne,0.11,81.3,79.6,234.2,263.8
ANFR_2079587.jpg,antenne,0.11,405.0,405.5,564.3,584.6
ANFR_2368665.jpg,antenne,0.11,277.6,757.0,416.2,925.8
ANFR_2554661.jpg,antenne,0.11,430.3,355.9,576.9,539.1
ANFR_2640050.jpg,antenne,0.11,82.8,750.6,234.3,930.7
ANFR_2640050.jpg,antenne,0.11,369.9,390.2,521.2,575.6
ANFR_2650209.jpg,antenne,0.11,252.1,90.2,408.8,264.7
ANFR_2654106.jpg,antenne,0.11,432.9,392.5,581.9,565.5
ANFR_2690727.jpg,antenne,0.11,567.1,614.8,721.6,796.1
ANFR_2697178.jpg,antenne,0.11,432.2,397.0,586.0,572.1
ANFR_2701364.jpg,antenne,0.11,91.2,91.3,239.8,263.2
ANFR_2734984.jpg,antenne,0.11,86.1,66.2,230.5,237.1
ANFR_2828017.jpg,antenne,0.11,763.6,316.6,918.0,500.6
ANFR_2876424.jpg,antenne,0.11,762.4,440.2,917.0,628.6
ANFR_2880306.jpg,antenne,0.11,382.0,531.7,522.6,698.1
ANFR_2917087.jpg,antenne,0.11,97.2,73.5,255.5,258.4
ANFR_2957112.jpg,antenne,0.11,510.8,363.9,665.8,544.5
ANFR_2957112.jpg,antenne,0.11,769.6,376.9,910.4,552.5
ANFR_3041144.jpg,antenne,0.11,610.7,248.7,773.3,444.9
ANFR_3041144.jpg,antenne,0.11,610.4,233.0,751.3,393.4
ANFR_3062801.jpg,antenne,0.11,428.8,102.7,583.2,281.9
ANFR_3080386.jpg,antenne,0.11,98.3,98.0,257.8,287.9
ANFR_3091650.jpg,antenne,0.11,154.5,483.3,302.4,644.7
ANFR_3118421.jpg,antenne,0.11,506.3,665.4,662.7,844.9
ANFR_3244662.jpg,antenne,0.11,97.8,235.1,256.1,425.4
ANFR_435641.jpg,antenne,0.11,612.9,510.4,773.0,701.6
ANFR_462036.jpg,antenne,0.11,246.2,463.2,392.8,646.9
ANFR_462036.jpg,antenne,0.11,73.8,273.7,223.3,451.4
ANFR_462036.jpg,antenne,0.11,216.0,702.3,365.5,882.7
ANFR_601450.jpg,antenne,0.11,484.2,326.3,643.2,515.5
ANFR_601450.jpg,antenne,0.11,96.6,495.4,247.9,671.8
ANFR_650117.jpg,antenne,0.11,589.9,689.7,738.3,884.0
ANFR_814908.jpg,antenne,0.11,455.7,438.0,603.1,620.5
ANFR_814908.jpg,antenne,0.11,613.7,202.6,776.7,390.2
ANFR_1007156.jpg,antenne,0.109,459.6,360.9,610.0,550.6
ANFR_1007156.jpg,antenne,0.109,464.1,328.8,619.9,524.8
ANFR_1212322.jpg,antenne,0.109,129.9,456.9,268.4,632.3
ANFR_1212322.jpg,antenne,0.109,633.8,463.1,791.3,653.0
ANFR_1212322.jpg,antenne,0.109,647.5,339.5,784.9,498.7
ANFR_1279490.jpg,antenne,0.109,794.9,582.3,940.0,757.2
ANFR_1511237.jpg,antenne,0.109,540.1,771.7,693.6,945.9
ANFR_1513339.jpg,antenne,0.109,325.9,769.1,476.8,944.0
ANFR_1513339.jpg,antenne,0.109,761.3,431.5,926.0,618.2
ANFR_1597175.jpg,antenne,0.109,434.6,382.4,571.7,554.2
ANFR_1597175.jpg,antenne,0.109,277.9,738.5,440.2,924.4
ANFR_1597175.jpg,antenne,0.109,310.6,658.7,459.9,837.1
ANFR_1597175.jpg,antenne,0.109,102.5,728.7,254.4,905.6
ANFR_1597175.jpg,antenne,0.109,226.2,235.0,382.8,414.2
ANFR_1597175.jpg,antenne,0.109,760.6,720.9,913.7,908.0
ANFR_1597175.jpg,antenne,0.109,480.9,678.3,625.7,860.2
ANFR_1597519.jpg,antenne,0.109,96.7,98.3,256.6,290.7
ANFR_1681423.jpg,antenne,0.109,764.0,127.4,925.5,317.4
ANFR_1710227.jpg,antenne,0.109,81.8,746.3,233.7,928.8
ANFR_1710227.jpg,antenne,0.109,78.9,79.8,233.8,264.2
ANFR_1831346.jpg,antenne,0.109,85.3,67.6,232.0,238.6
ANFR_1851458.jpg,antenne,0.109,274.8,217.5,420.1,388.9
ANFR_1950123.jpg,antenne,0.109,74.1,87.0,227.8,269.5
ANFR_1950494.jpg,antenne,0.109,97.7,748.3,255.2,928.7
ANFR_2263010.jpg,antenne,0.109,460.1,407.1,599.8,567.2
ANFR_2516570.jpg,antenne,0.109,98.6,589.3,259.1,782.6
ANFR_2543945.jpg,antenne,0.109,304.3,192.1,452.6,362.9
ANFR_2543945.jpg,antenne,0.109,404.7,160.2,565.7,339.4
ANFR_2554661.jpg,antenne,0.109,436.9,314.1,580.8,499.8
ANFR_2640050.jpg,antenne,0.109,762.1,203.3,920.7,393.1
ANFR_2640050.jpg,antenne,0.109,353.9,430.2,511.8,620.8
ANFR_2640050.jpg,antenne,0.109,99.4,284.4,253.5,468.8
ANFR_2654106.jpg,antenne,0.109,761.8,96.4,923.4,288.8
ANFR_2659994.jpg,antenne,0.109,789.5,493.0,942.9,677.4
ANFR_2662883.jpg,antenne,0.109,97.3,83.9,252.9,263.2
ANFR_2690727.jpg,antenne,0.109,98.0,95.8,258.9,288.0
ANFR_2690727.jpg,antenne,0.109,96.9,754.3,250.9,929.0
ANFR_2697178.jpg,antenne,0.109,86.9,751.9,232.9,928.3
ANFR_2734984.jpg,antenne,0.109,408.6,358.8,570.9,543.3
ANFR_2734984.jpg,antenne,0.109,96.1,73.7,252.5,262.6
ANFR_2817293.jpg,antenne,0.109,763.2,101.8,929.5,292.2
ANFR_2817293.jpg,antenne,0.109,761.6,211.8,912.1,397.0
ANFR_2989296.jpg,antenne,0.109,79.0,516.1,232.9,703.6
ANFR_2989296.jpg,antenne,0.109,513.4,150.9,665.7,336.0
ANFR_2989296.jpg,antenne,0.109,95.5,541.8,255.7,730.2
ANFR_3039108.jpg,antenne,0.109,302.3,735.7,462.1,905.0
ANFR_3039108.jpg,antenne,0.109,80.0,81.5,233.5,265.5
ANFR_3080386.jpg,antenne,0.109,785.5,745.2,924.1,909.1
ANFR_3080386.jpg,antenne,0.109,762.6,599.8,918.0,778.2
ANFR_3080386.jpg,antenne,0.109,443.6,377.7,591.1,545.8
ANFR_3091650.jpg,antenne,0.109,762.2,81.8,923.9,267.3
ANFR_3097902.jpg,antenne,0.109,74.0,463.0,229.5,651.2
ANFR_3118421.jpg,antenne,0.109,542.0,458.2,687.3,620.0
ANFR_3118421.jpg,antenne,0.109,80.6,82.7,233.0,266.1
ANFR_3182931.jpg,antenne,0.109,78.4,79.6,233.4,264.6
ANFR_3244662.jpg,antenne,0.109,99.2,186.2,255.7,373.6
ANFR_435641.jpg,antenne,0.109,633.3,443.9,776.4,631.4
ANFR_435641.jpg,antenne,0.109,762.2,214.7,921.5,402.6
ANFR_437488.jpg,antenne,0.109,431.9,372.9,583.7,545.5
ANFR_450535.jpg,antenne,0.109,96.2,100.6,253.0,288.2
ANFR_462036.jpg,antenne,0.109,90.3,485.5,221.8,651.1
ANFR_462036.jpg,antenne,0.109,81.8,551.4,235.7,737.3
ANFR_605710.jpg,antenne,0.109,762.9,140.4,919.9,323.1
ANFR_605710.jpg,antenne,0.109,286.2,415.9,423.5,597.9
ANFR_650117.jpg,antenne,0.109,250.0,98.6,409.2,281.5
ANFR_690774.jpg,antenne,0.109,98.7,464.2,254.6,649.8
ANFR_771841.jpg,antenne,0.109,379.0,484.4,534.6,666.8
ANFR_814908.jpg,antenne,0.109,765.2,178.9,925.7,368.8
ANFR_816571.jpg,antenne,0.109,565.4,510.7,713.4,674.4
ANFR_816571.jpg,antenne,0.109,765.9,75.8,929.3,262.6
ANFR_1010485.jpg,antenne,0.108,78.1,78.4,232.3,262.7
ANFR_1212322.jpg,antenne,0.108,120.5,378.3,268.3,545.4
ANFR_1456691.jpg,antenne,0.108,794.4,597.1,927.9,759.9
ANFR_1511237.jpg,antenne,0.108,459.8,301.2,595.6,478.1
ANFR_1511237.jpg,antenne,0.108,405.5,209.7,562.5,389.8
ANFR_1568341.jpg,antenne,0.108,95.9,95.4,256.1,287.7
ANFR_1568371.jpg,antenne,0.108,761.6,260.7,921.2,446.0
ANFR_1568371.jpg,antenne,0.108,787.2,745.4,937.9,927.5
ANFR_1568371.jpg,antenne,0.108,762.8,233.6,909.1,405.4
ANFR_1584204.jpg,antenne,0.108,351.9,583.7,498.7,761.7
ANFR_1584204.jpg,antenne,0.108,102.8,155.9,260.2,348.0
ANFR_1597175.jpg,antenne,0.108,761.3,675.2,915.9,862.0
ANFR_1669326.jpg,antenne,0.108,489.2,200.3,635.8,378.5
ANFR_1681423.jpg,antenne,0.108,786.4,175.8,939.1,367.2
ANFR_1710227.jpg,antenne,0.108,762.8,463.4,923.7,654.4
ANFR_1734215.jpg,antenne,0.108,98.7,81.5,255.3,263.0
ANFR_1737051.jpg,antenne,0.108,274.8,736.5,429.6,921.5
ANFR_1737051.jpg,antenne,0.108,734.1,108.9,885.8,286.4
ANFR_1792887.jpg,antenne,0.108,416.2,458.2,571.2,639.9
ANFR_1950123.jpg,antenne,0.108,98.3,616.3,254.0,801.2
ANFR_2049015.jpg,antenne,0.108,382.0,515.8,542.8,700.9
ANFR_2049015.jpg,antenne,0.108,759.9,79.7,924.8,267.3
ANFR_2311941.jpg,antenne,0.108,464.4,507.6,618.8,699.2
ANFR_2311941.jpg,antenne,0.108,104.9,545.0,251.4,724.6
ANFR_2311941.jpg,antenne,0.108,479.3,717.5,642.7,901.8
ANFR_2385920.jpg,antenne,0.108,94.9,100.7,253.5,291.7
ANFR_2385920.jpg,antenne,0.108,406.0,420.5,562.2,595.4
ANFR_2385920.jpg,antenne,0.108,763.5,285.5,923.2,475.6
ANFR_2385920.jpg,antenne,0.108,760.1,85.0,923.5,270.5
ANFR_2479993.jpg,antenne,0.108,405.5,343.8,534.1,490.9
ANFR_2516570.jpg,antenne,0.108,380.2,209.8,539.1,393.0
ANFR_2532695.jpg,antenne,0.108,78.5,745.5,232.3,930.4
ANFR_2543945.jpg,antenne,0.108,98.0,95.5,256.6,287.2
ANFR_2543945.jpg,antenne,0.108,428.7,172.4,590.2,359.5
ANFR_2636551.jpg,antenne,0.108,95.6,79.5,252.9,267.7
ANFR_2640050.jpg,antenne,0.108,96.7,764.1,259.9,947.9
ANFR_2640050.jpg,antenne,0.108,96.2,95.5,257.3,284.0
ANFR_2654106.jpg,antenne,0.108,146.0,745.2,295.8,920.6
ANFR_2662883.jpg,antenne,0.108,764.2,492.2,921.2,679.5
ANFR_2697178.jpg,antenne,0.108,735.2,85.3,901.3,269.9
ANFR_2713171.jpg,antenne,0.108,763.8,83.0,925.6,266.2
ANFR_2734984.jpg,antenne,0.108,760.2,77.2,923.1,265.2
ANFR_2755704.jpg,antenne,0.108,776.7,94.0,929.9,271.5
ANFR_2828017.jpg,antenne,0.108,95.2,751.1,250.1,932.0
ANFR_2876424.jpg,antenne,0.108,81.4,95.0,230.8,271.0
ANFR_2876424.jpg,antenne,0.108,761.2,487.0,919.7,678.7
ANFR_2885698.jpg,antenne,0.108,123.7,719.5,275.7,907.8
ANFR_2885698.jpg,antenne,0.108,101.7,455.6,240.4,627.7
ANFR_2989296.jpg,antenne,0.108,94.4,496.6,251.8,683.5
ANFR_2989296.jpg,antenne,0.108,736.3,306.8,885.2,495.6
ANFR_3062801.jpg,antenne,0.108,787.2,106.6,938.3,291.3
ANFR_3080386.jpg,antenne,0.108,786.3,668.7,933.9,861.0
ANFR_3080386.jpg,antenne,0.108,102.2,721.7,257.2,907.3
ANFR_3097731.jpg,antenne,0.108,96.1,93.3,255.0,285.2
ANFR_3244662.jpg,antenne,0.108,95.9,284.0,255.3,474.3
ANFR_3244662.jpg,antenne,0.108,99.8,494.3,255.3,678.2
ANFR_3300148.jpg,antenne,0.108,76.7,80.9,231.7,267.2
ANFR_435641.jpg,antenne,0.108,581.6,152.1,724.6,312.9
ANFR_435641.jpg,antenne,0.108,511.2,732.9,665.6,905.8
ANFR_450535.jpg,antenne,0.108,356.0,406.9,514.6,596.5
ANFR_462036.jpg,antenne,0.108,249.7,624.5,392.6,802.0
ANFR_462036.jpg,antenne,0.108,760.2,643.9,918.8,834.9
ANFR_472746.jpg,antenne,0.108,102.3,263.6,259.1,447.5
ANFR_601450.jpg,antenne,0.108,100.0,298.8,257.6,492.1
ANFR_601450.jpg,antenne,0.108,497.0,315.8,629.2,471.4
ANFR_605710.jpg,antenne,0.108,277.8,472.2,435.5,650.8
ANFR_650117.jpg,antenne,0.108,456.5,383.2,616.4,573.7
ANFR_650117.jpg,antenne,0.108,582.0,640.5,747.8,824.9
ANFR_683244.jpg,antenne,0.108,95.2,261.3,252.2,450.3
ANFR_683244.jpg,antenne,0.108,76.0,696.8,230.2,886.0
ANFR_683244.jpg,antenne,0.108,94.9,310.7,254.0,502.1
ANFR_683244.jpg,antenne,0.108,95.4,361.4,253.7,551.5
ANFR_690774.jpg,antenne,0.108,378.2,440.1,537.2,629.9
ANFR_771841.jpg,antenne,0.108,99.3,757.0,247.2,927.7
ANFR_814908.jpg,antenne,0.108,785.5,93.2,936.6,271.8
ANFR_814908.jpg,antenne,0.108,644.2,148.6,794.0,327.2
ANFR_816571.jpg,antenne,0.108,764.9,611.3,926.8,804.4
ANFR_851972.jpg,antenne,0.108,98.6,723.2,255.1,908.3
ANFR_953437.jpg,antenne,0.108,760.0,84.0,921.0,270.0
ANFR_953437.jpg,antenne,0.108,247.9,762.7,385.4,921.0
ANFR_1007156.jpg,antenne,0.107,99.1,748.2,256.1,929.5
ANFR_1007156.jpg,antenne,0.107,122.1,320.7,271.3,495.5
ANFR_1010485.jpg,antenne,0.107,761.3,80.2,924.7,267.1
ANFR_1212322.jpg,antenne,0.107,685.6,695.9,850.5,876.3
ANFR_1212322.jpg,antenne,0.107,124.3,402.9,274.9,604.5
ANFR_1212322.jpg,antenne,0.107,170.5,79.8,330.9,264.0
ANFR_1279490.jpg,antenne,0.107,454.9,446.8,615.4,639.3
ANFR_1279490.jpg,antenne,0.107,477.0,101.1,625.1,266.1
ANFR_1279490.jpg,antenne,0.107,764.5,662.9,925.9,859.7
ANFR_1456691.jpg,antenne,0.107,99.9,84.1,258.2,265.9
ANFR_1511237.jpg,antenne,0.107,74.8,697.3,228.1,880.2
ANFR_1511237.jpg,antenne,0.107,76.2,262.0,229.9,450.8
ANFR_1513339.jpg,antenne,0.107,761.6,415.3,909.7,583.4
ANFR_1513339.jpg,antenne,0.107,760.4,97.8,921.4,271.6
ANFR_1513339.jpg,antenne,0.107,88.6,234.2,223.1,395.6
ANFR_1513339.jpg,antenne,0.107,275.3,515.1,430.5,703.5
ANFR_1584204.jpg,antenne,0.107,94.2,310.4,247.3,500.8
ANFR_1584204.jpg,antenne,0.107,80.4,359.7,230.6,544.9
ANFR_1584204.jpg,antenne,0.107,120.2,189.6,267.4,371.0
ANFR_1597175.jpg,antenne,0.107,281.5,705.6,442.2,889.6
ANFR_1597175.jpg,antenne,0.107,477.7,714.8,626.6,897.7
ANFR_1597175.jpg,antenne,0.107,110.6,583.7,253.8,748.6
ANFR_1597519.jpg,antenne,0.107,97.5,489.2,255.5,679.3
ANFR_1597519.jpg,antenne,0.107,503.3,348.4,646.0,515.6
ANFR_1669326.jpg,antenne,0.107,94.3,725.7,251.2,913.5
ANFR_1679737.jpg,antenne,0.107,93.3,726.9,249.9,914.4
ANFR_1710227.jpg,antenne,0.107,761.0,723.7,922.6,912.9
ANFR_1710227.jpg,antenne,0.107,376.2,479.4,529.4,657.2
ANFR_1737051.jpg,antenne,0.107,197.0,722.7,351.8,901.7
ANFR_1792887.jpg,antenne,0.107,96.4,94.9,258.2,287.8
ANFR_1792887.jpg,antenne,0.107,434.4,454.7,561.5,604.9
ANFR_1831346.jpg,antenne,0.107,428.4,631.4,587.8,820.7
ANFR_1851458.jpg,antenne,0.107,98.2,749.2,253.5,927.6
ANFR_1950123.jpg,antenne,0.107,74.1,126.1,231.3,317.9
ANFR_1950494.jpg,antenne,0.107,97.3,700.1,254.4,889.5
ANFR_1950494.jpg,antenne,0.107,759.6,75.5,926.7,265.8
ANFR_2049015.jpg,antenne,0.107,406.3,491.6,571.3,678.8
ANFR_2049015.jpg,antenne,0.107,764.5,443.5,920.1,627.5
ANFR_2049015.jpg,antenne,0.107,97.1,95.3,257.5,289.9
ANFR_2368665.jpg,antenne,0.107,426.3,430.4,574.7,605.9
ANFR_2368665.jpg,antenne,0.107,95.5,238.5,254.9,422.7
ANFR_2385920.jpg,antenne,0.107,96.9,748.3,254.1,929.7
ANFR_2385920.jpg,antenne,0.107,763.6,333.2,925.4,526.2
ANFR_2479993.jpg,antenne,0.107,391.3,334.2,544.8,516.3
ANFR_2479993.jpg,antenne,0.107,758.4,82.8,917.4,267.5
ANFR_2501177.jpg,antenne,0.107,78.6,81.0,232.0,266.0
ANFR_2516570.jpg,antenne,0.107,97.4,491.8,252.6,681.7
ANFR_2543945.jpg,antenne,0.107,145.9,373.5,292.0,548.9
ANFR_2543945.jpg,antenne,0.107,630.8,235.4,784.7,419.6
ANFR_2636551.jpg,antenne,0.107,76.8,697.4,230.4,886.2
ANFR_2640050.jpg,antenne,0.107,94.6,620.8,253.4,807.4
ANFR_2640050.jpg,antenne,0.107,381.5,315.7,523.2,505.7
ANFR_2640050.jpg,antenne,0.107,222.6,390.5,380.0,580.1
ANFR_2640050.jpg,antenne,0.107,394.3,370.6,518.9,526.1
ANFR_2659994.jpg,antenne,0.107,326.0,598.2,481.4,776.8
ANFR_2662883.jpg,antenne,0.107,83.5,573.8,224.4,746.5
ANFR_2684361.jpg,antenne,0.107,82.1,82.6,233.1,264.8
ANFR_2684361.jpg,antenne,0.107,255.2,461.0,403.2,623.0
ANFR_2697178.jpg,antenne,0.107,414.4,489.1,542.0,655.4
ANFR_2697178.jpg,antenne,0.107,96.5,731.9,251.8,914.4
ANFR_2697178.jpg,antenne,0.107,406.7,515.9,540.4,683.0
ANFR_2713171.jpg,antenne,0.107,760.5,675.6,915.2,858.5
ANFR_2755704.jpg,antenne,0.107,761.9,124.8,926.7,314.5
ANFR_2817293.jpg,antenne,0.107,455.9,393.1,609.0,570.2
ANFR_2817293.jpg,antenne,0.107,762.3,148.7,925.0,345.9
ANFR_2828017.jpg,antenne,0.107,760.6,356.8,921.9,550.4
ANFR_2828017.jpg,antenne,0.107,762.9,262.9,916.9,452.7
ANFR_2876424.jpg,antenne,0.107,761.9,391.9,917.2,579.5
ANFR_2876424.jpg,antenne,0.107,760.6,722.5,920.8,911.8
ANFR_2876424.jpg,antenne,0.107,435.0,531.1,561.4,689.1
ANFR_2880306.jpg,antenne,0.107,95.9,80.5,255.2,265.8
ANFR_2886199.jpg,antenne,0.107,83.9,762.4,223.3,926.0
ANFR_2917087.jpg,antenne,0.107,760.2,463.7,921.6,652.6
ANFR_2970803.jpg,antenne,0.107,404.6,408.6,563.6,595.2
ANFR_2989296.jpg,antenne,0.107,95.6,80.9,253.7,266.8
ANFR_2989296.jpg,antenne,0.107,733.7,255.7,880.4,443.2
ANFR_2989296.jpg,antenne,0.107,78.5,562.4,234.9,752.9
ANFR_2989296.jpg,antenne,0.107,708.5,86.7,845.2,240.3
ANFR_3080386.jpg,antenne,0.107,555.8,593.0,718.9,775.4
ANFR_3097902.jpg,antenne,0.107,75.0,414.0,230.3,604.2
ANFR_3118421.jpg,antenne,0.107,759.3,101.5,912.7,291.8
ANFR_3118421.jpg,antenne,0.107,738.5,83.8,899.8,269.0
ANFR_3118421.jpg,antenne,0.107,95.5,101.6,255.5,292.9
ANFR_3143567.jpg,antenne,0.107,758.7,84.7,921.6,270.0
ANFR_3182931.jpg,antenne,0.107,95.5,748.6,253.2,931.0
ANFR_3244662.jpg,antenne,0.107,81.9,308.5,233.6,496.6
ANFR_3276112.jpg,antenne,0.107,458.6,374.9,582.0,513.4
ANFR_437488.jpg,antenne,0.107,95.7,464.5,254.7,653.5
ANFR_437488.jpg,antenne,0.107,97.1,388.5,255.8,578.7
ANFR_437488.jpg,antenne,0.107,122.6,94.1,285.1,281.9
ANFR_462036.jpg,antenne,0.107,785.4,76.8,937.7,244.7
ANFR_508958.jpg,antenne,0.107,345.4,340.3,483.6,498.8
ANFR_587183.jpg,antenne,0.107,96.3,79.4,252.5,263.8
ANFR_601450.jpg,antenne,0.107,761.6,154.0,919.6,345.7
ANFR_605710.jpg,antenne,0.107,633.8,750.2,797.7,927.2
ANFR_650117.jpg,antenne,0.107,478.3,356.2,621.7,525.5
ANFR_650117.jpg,antenne,0.107,96.3,742.5,236.9,925.4
ANFR_650117.jpg,antenne,0.107,258.7,87.4,401.0,249.4
ANFR_683244.jpg,antenne,0.107,78.2,335.1,233.6,524.3
ANFR_683244.jpg,antenne,0.107,79.6,235.6,232.7,422.2
ANFR_771841.jpg,antenne,0.107,404.6,258.3,566.0,448.1
ANFR_814908.jpg,antenne,0.107,435.4,415.4,592.6,600.2
ANFR_814908.jpg,antenne,0.107,96.1,82.2,253.6,266.8
ANFR_1212322.jpg,antenne,0.106,375.0,455.2,530.7,627.4
ANFR_1212322.jpg,antenne,0.106,114.8,477.1,262.4,653.3
ANFR_1456691.jpg,antenne,0.106,760.1,215.2,914.2,398.7
ANFR_1511237.jpg,antenne,0.106,92.1,293.4,247.9,480.0
ANFR_1596728.jpg,antenne,0.106,79.3,747.1,232.5,930.5
ANFR_1596728.jpg,antenne,0.106,94.0,727.0,249.8,913.9
ANFR_1597175.jpg,antenne,0.106,429.3,344.6,575.1,530.4
ANFR_1597175.jpg,antenne,0.106,356.2,578.9,489.8,733.3
ANFR_1597519.jpg,antenne,0.106,97.4,745.3,255.7,930.0
ANFR_1597519.jpg,antenne,0.106,97.9,438.5,255.9,629.1
ANFR_1597519.jpg,antenne,0.106,97.4,538.4,256.2,730.2
ANFR_1669326.jpg,antenne,0.106,79.5,746.1,233.0,929.8
ANFR_1669326.jpg,antenne,0.106,77.5,82.7,231.9,267.3
ANFR_1679737.jpg,antenne,0.106,170.1,144.4,317.0,316.6
ANFR_1710227.jpg,antenne,0.106,761.8,415.7,920.0,604.7
ANFR_1710227.jpg,antenne,0.106,94.5,704.2,250.4,890.2
ANFR_1710227.jpg,antenne,0.106,762.1,669.6,922.6,861.5
ANFR_1710227.jpg,antenne,0.106,757.8,80.5,923.4,268.5
ANFR_1792887.jpg,antenne,0.106,98.4,748.8,257.0,930.8
ANFR_1831346.jpg,antenne,0.106,403.9,617.6,568.9,801.7
ANFR_1831346.jpg,antenne,0.106,629.6,677.8,781.1,857.5
ANFR_1831346.jpg,antenne,0.106,681.4,444.4,838.1,625.2
ANFR_1831346.jpg,antenne,0.106,527.2,76.3,670.8,236.9
ANFR_1950123.jpg,antenne,0.106,486.7,289.1,623.8,453.4
ANFR_1950494.jpg,antenne,0.106,96.6,97.8,257.5,290.1
ANFR_1950494.jpg,antenne,0.106,85.5,729.0,232.7,909.6
ANFR_2049015.jpg,antenne,0.106,95.1,722.2,253.3,911.3
ANFR_2049015.jpg,antenne,0.106,95.6,669.8,253.8,860.6
ANFR_2311941.jpg,antenne,0.106,429.0,456.4,574.2,624.1
ANFR_2311941.jpg,antenne,0.106,488.6,700.2,630.7,864.6
ANFR_2311941.jpg,antenne,0.106,762.0,503.9,918.3,699.0
ANFR_2385920.jpg,antenne,0.106,96.0,152.9,254.2,346.5
ANFR_2385920.jpg,antenne,0.106,762.5,234.7,921.2,425.5
ANFR_2385920.jpg,antenne,0.106,97.1,334.6,254.0,525.0
ANFR_2385920.jpg,antenne,0.106,761.6,125.3,923.0,319.9
ANFR_2385920.jpg,antenne,0.106,96.1,206.3,253.4,397.3
ANFR_2385920.jpg,antenne,0.106,81.4,124.5,235.1,316.4
ANFR_2516570.jpg,antenne,0.106,121.8,745.7,282.2,929.4
ANFR_2516570.jpg,antenne,0.106,117.3,566.4,270.6,755.9
ANFR_2516581.jpg,antenne,0.106,758.5,88.8,922.0,271.6
ANFR_2532695.jpg,antenne,0.106,93.4,724.6,250.2,913.1
ANFR_2636551.jpg,antenne,0.106,92.2,728.5,247.9,915.3
ANFR_2640050.jpg,antenne,0.106,95.2,697.7,252.2,891.0
ANFR_2640050.jpg,antenne,0.106,758.2,161.6,907.7,347.5
ANFR_2640050.jpg,antenne,0.106,761.1,573.0,920.2,757.7
ANFR_2654106.jpg,antenne,0.106,762.3,593.2,919.9,782.0
ANFR_2662883.jpg,antenne,0.106,762.1,536.1,920.3,728.7
ANFR_2662883.jpg,antenne,0.106,762.2,207.8,921.1,398.2
ANFR_2662883.jpg,antenne,0.106,758.2,86.7,922.9,269.4
ANFR_2662883.jpg,antenne,0.106,762.5,257.7,922.2,450.3
ANFR_2684361.jpg,antenne,0.106,104.7,711.6,252.2,887.0
ANFR_2684361.jpg,antenne,0.106,273.2,453.2,435.9,622.5
ANFR_2690727.jpg,antenne,0.106,758.7,82.0,925.8,269.1
ANFR_2697178.jpg,antenne,0.106,412.1,435.9,562.4,631.1
ANFR_2697178.jpg,antenne,0.106,99.6,105.6,258.3,292.9
ANFR_2697178.jpg,antenne,0.106,760.7,723.3,920.5,912.0
ANFR_2713171.jpg,antenne,0.106,785.9,288.0,938.6,473.6
ANFR_2734984.jpg,antenne,0.106,95.9,751.8,251.8,930.0
ANFR_2755704.jpg,antenne,0.106,96.1,748.4,253.9,931.3
ANFR_2755704.jpg,antenne,0.106,751.0,111.6,903.3,295.5
ANFR_2817293.jpg,antenne,0.106,784.4,655.2,932.2,830.5
ANFR_2817293.jpg,antenne,0.106,760.2,619.7,919.8,810.6
ANFR_2817293.jpg,antenne,0.106,759.8,252.6,914.5,445.2
ANFR_2828017.jpg,antenne,0.106,97.6,93.3,258.1,287.5
ANFR_2876424.jpg,antenne,0.106,434.9,478.5,570.3,659.7
ANFR_2876424.jpg,antenne,0.106,301.8,141.7,463.1,326.7
ANFR_2876424.jpg,antenne,0.106,761.4,671.5,921.1,862.2
ANFR_2885698.jpg,antenne,0.106,120.2,667.5,269.3,856.0
ANFR_2885698.jpg,antenne,0.106,106.1,644.0,258.8,830.1
ANFR_2989296.jpg,antenne,0.106,94.5,586.2,255.9,781.1
ANFR_3039108.jpg,antenne,0.106,95.7,100.1,255.3,291.8
ANFR_3062801.jpg,antenne,0.106,783.9,80.8,928.8,248.4
ANFR_3097902.jpg,antenne,0.106,96.1,85.4,254.0,269.1
ANFR_3097902.jpg,antenne,0.106,74.5,510.4,230.6,702.6
ANFR_3118421.jpg,antenne,0.106,95.1,723.1,252.6,911.8
ANFR_3143567.jpg,antenne,0.106,97.2,463.6,254.2,652.6
ANFR_3182931.jpg,antenne,0.106,734.6,79.6,899.8,267.2
ANFR_3244662.jpg,antenne,0.106,759.2,725.4,918.2,913.3
ANFR_3276112.jpg,antenne,0.106,761.0,259.9,920.4,450.8
ANFR_3276112.jpg,antenne,0.106,96.9,750.3,254.0,931.7
ANFR_435641.jpg,antenne,0.106,764.6,161.0,923.1,350.7
ANFR_435641.jpg,antenne,0.106,610.0,559.7,768.0,754.3
ANFR_435641.jpg,antenne,0.106,630.8,494.1,776.7,674.8
ANFR_450535.jpg,antenne,0.106,425.6,356.5,587.6,552.6
ANFR_450535.jpg,antenne,0.106,783.9,94.5,934.3,270.5
ANFR_462036.jpg,antenne,0.106,759.1,601.1,913.6,784.9
ANFR_462036.jpg,antenne,0.106,759.7,695.6,922.5,887.2
ANFR_462036.jpg,antenne,0.106,303.3,223.3,454.1,416.6
ANFR_472746.jpg,antenne,0.106,276.1,766.0,424.9,932.0
ANFR_531215.jpg,antenne,0.106,101.1,669.5,261.7,854.9
ANFR_601450.jpg,antenne,0.106,759.0,107.0,917.0,295.6
ANFR_601450.jpg,antenne,0.106,762.4,285.2,922.4,474.9
ANFR_601450.jpg,antenne,0.106,98.1,747.9,251.6,930.0
ANFR_601450.jpg,antenne,0.106,118.3,282.5,254.4,441.6
ANFR_601450.jpg,antenne,0.106,84.9,474.6,230.4,650.8
ANFR_605710.jpg,antenne,0.106,758.7,177.2,924.4,372.9
ANFR_650117.jpg,antenne,0.106,760.6,365.7,915.0,552.2
ANFR_650117.jpg,antenne,0.106,792.9,65.7,925.2,213.3
ANFR_683244.jpg,antenne,0.106,78.9,283.8,234.3,474.1
ANFR_683244.jpg,antenne,0.106,94.4,216.6,249.1,401.7
ANFR_683244.jpg,antenne,0.106,455.5,614.6,609.8,798.8
ANFR_683244.jpg,antenne,0.106,92.0,727.7,247.1,914.5
ANFR_683244.jpg,antenne,0.106,95.7,408.0,255.8,600.5
ANFR_690774.jpg,antenne,0.106,762.5,543.0,920.8,730.7
ANFR_771841.jpg,antenne,0.106,145.2,98.0,306.9,285.0
ANFR_814908.jpg,antenne,0.106,658.5,127.7,804.9,304.8
ANFR_814908.jpg,antenne,0.106,762.4,137.9,922.2,324.3
ANFR_953437.jpg,antenne,0.106,529.1,433.1,676.5,604.5
ANFR_953437.jpg,antenne,0.106,95.2,105.9,254.2,294.8
ANFR_1010485.jpg,antenne,0.105,80.9,747.2,229.9,927.4
ANFR_1212322.jpg,antenne,0.105,758.4,84.5,921.8,264.3
ANFR_1279490.jpg,antenne,0.105,95.8,762.7,248.0,935.3
ANFR_1511237.jpg,antenne,0.105,93.2,382.0,249.3,573.9
ANFR_1511237.jpg,antenne,0.105,91.3,339.1,247.2,526.4
ANFR_1513339.jpg,antenne,0.105,505.4,645.8,666.9,832.5
ANFR_1568341.jpg,antenne,0.105,98.9,257.2,256.7,447.7
ANFR_1568341.jpg,antenne,0.105,756.9,84.7,918.2,269.2
ANFR_1568341.jpg,antenne,0.105,97.9,150.4,257.0,344.9
ANFR_1568341.jpg,antenne,0.105,98.3,206.2,256.0,397.3
ANFR_1568341.jpg,antenne,0.105,95.7,747.6,254.1,931.2
ANFR_1584204.jpg,antenne,0.105,81.0,66.2,231.5,242.6
ANFR_1584204.jpg,antenne,0.105,97.2,730.6,255.7,914.1
ANFR_1584204.jpg,antenne,0.105,119.5,126.5,277.7,322.7
ANFR_1597175.jpg,antenne,0.105,128.1,217.7,281.9,394.6
ANFR_1597175.jpg,antenne,0.105,427.7,263.3,582.2,443.7
ANFR_1597519.jpg,antenne,0.105,762.5,284.8,923.3,476.0
ANFR_1597519.jpg,antenne,0.105,758.1,129.4,917.7,319.2
ANFR_1597519.jpg,antenne,0.105,97.2,589.9,255.8,781.6
ANFR_1679737.jpg,antenne,0.105,94.4,669.7,252.8,861.5
ANFR_1679737.jpg,antenne,0.105,94.4,566.4,252.9,757.4
ANFR_1679737.jpg,antenne,0.105,77.9,695.7,231.7,885.5
ANFR_1679737.jpg,antenne,0.105,94.5,616.9,253.1,808.5
ANFR_1681423.jpg,antenne,0.105,97.4,722.2,255.1,910.5
ANFR_1681423.jpg,antenne,0.105,757.2,101.9,913.9,275.4
ANFR_1710227.jpg,antenne,0.105,762.1,512.4,924.0,705.6
ANFR_1710227.jpg,antenne,0.105,96.1,98.2,256.3,289.0
ANFR_1710227.jpg,antenne,0.105,321.9,90.6,474.0,266.8
ANFR_1737051.jpg,antenne,0.105,429.0,738.3,582.8,913.6
ANFR_1831346.jpg,antenne,0.105,757.4,181.6,914.4,373.0
ANFR_1831346.jpg,antenne,0.105,610.3,689.7,771.7,880.6
ANFR_1831346.jpg,antenne,0.105,98.0,537.5,253.8,727.6
ANFR_1950494.jpg,antenne,0.105,760.7,413.5,917.2,603.9
ANFR_2049015.jpg,antenne,0.105,95.6,620.6,253.4,809.7
ANFR_2311941.jpg,antenne,0.105,107.6,508.9,258.0,702.2
ANFR_2311941.jpg,antenne,0.105,119.7,476.2,273.2,668.5
ANFR_2385920.jpg,antenne,0.105,783.4,313.0,935.2,500.3
ANFR_2385920.jpg,antenne,0.105,96.2,283.8,253.7,474.9
ANFR_2385920.jpg,antenne,0.105,762.2,181.0,921.7,373.5
ANFR_2516570.jpg,antenne,0.105,791.7,185.1,946.4,366.8
ANFR_2516570.jpg,antenne,0.105,95.1,640.8,255.4,833.0
ANFR_2516570.jpg,antenne,0.105,117.4,525.9,266.6,709.1
ANFR_2516581.jpg,antenne,0.105,759.4,126.0,920.5,321.2
ANFR_2516581.jpg,antenne,0.105,376.3,461.7,524.0,623.1
ANFR_2532695.jpg,antenne,0.105,426.2,367.3,580.2,544.1
ANFR_2532695.jpg,antenne,0.105,761.8,309.0,921.9,500.4
ANFR_2554661.jpg,antenne,0.105,453.2,297.3,583.9,451.4
ANFR_2567246.jpg,antenne,0.105,431.6,396.8,589.4,573.6
ANFR_2636551.jpg,antenne,0.105,83.2,70.2,230.8,242.0
ANFR_2636551.jpg,antenne,0.105,93.6,671.0,251.7,862.3
ANFR_2640050.jpg,antenne,0.105,95.9,571.3,253.2,761.7
ANFR_2640050.jpg,antenne,0.105,680.8,87.2,838.6,267.9
ANFR_2640050.jpg,antenne,0.105,78.2,640.4,233.8,829.2
ANFR_2654106.jpg,antenne,0.105,760.3,80.2,917.6,247.0
ANFR_2659994.jpg,antenne,0.105,787.0,343.9,920.9,507.5
ANFR_2684361.jpg,antenne,0.105,96.3,100.2,255.0,291.7
ANFR_2684361.jpg,antenne,0.105,123.7,464.3,273.9,636.7
ANFR_2684361.jpg,antenne,0.105,690.1,75.8,809.2,210.9
ANFR_2690727.jpg,antenne,0.105,580.9,576.1,723.5,761.8
ANFR_2697178.jpg,antenne,0.105,758.0,97.2,921.8,291.6
ANFR_2701364.jpg,antenne,0.105,428.1,369.9,589.6,546.0
ANFR_2734984.jpg,antenne,0.105,100.2,122.3,258.4,315.8
ANFR_2734984.jpg,antenne,0.105,435.5,347.1,573.1,506.6
ANFR_2817293.jpg,antenne,0.105,759.3,573.5,917.5,759.3
ANFR_2817293.jpg,antenne,0.105,783.9,120.6,939.4,312.7
ANFR_2828017.jpg,antenne,0.105,100.9,233.7,258.8,422.4
ANFR_2828017.jpg,antenne,0.105,760.1,464.8,915.1,652.4
ANFR_2828017.jpg,antenne,0.105,458.8,385.6,616.9,574.7
ANFR_2828017.jpg,antenne,0.105,757.2,79.6,922.4,266.9
ANFR_2876424.jpg,antenne,0.105,757.6,80.8,919.6,265.8
ANFR_2876424.jpg,antenne,0.105,91.1,107.1,248.1,294.0
ANFR_2885698.jpg,antenne,0.105,168.9,79.0,319.7,245.8
ANFR_2885698.jpg,antenne,0.105,85.5,416.2,228.1,598.5
ANFR_2886199.jpg,antenne,0.105,759.7,619.1,919.5,809.2
ANFR_2886199.jpg,antenne,0.105,758.4,723.2,917.0,912.1
ANFR_2917087.jpg,antenne,0.105,757.6,421.2,913.4,607.8
ANFR_2937855.jpg,antenne,0.105,97.7,567.7,254.5,756.4
ANFR_2957112.jpg,antenne,0.105,97.0,159.5,255.6,342.8
ANFR_2970803.jpg,antenne,0.105,639.1,193.7,788.3,367.5
ANFR_2970803.jpg,antenne,0.105,76.1,437.3,231.7,625.6
ANFR_2989296.jpg,antenne,0.105,78.3,469.8,230.9,654.7
ANFR_2989296.jpg,antenne,0.105,93.5,722.0,251.9,912.6
ANFR_2989296.jpg,antenne,0.105,77.3,744.2,232.4,930.3
ANFR_2989296.jpg,antenne,0.105,94.7,444.4,252.8,633.7
ANFR_2989296.jpg,antenne,0.105,80.4,70.4,229.2,242.7
ANFR_3041144.jpg,antenne,0.105,96.1,726.3,252.8,913.1
ANFR_3041144.jpg,antenne,0.105,94.9,86.7,251.9,270.3
ANFR_3050570.jpg,antenne,0.105,96.0,78.5,255.2,264.7
ANFR_3062801.jpg,antenne,0.105,95.5,96.0,256.5,288.1
ANFR_3062801.jpg,antenne,0.105,784.8,150.0,943.0,345.4
ANFR_3080386.jpg,antenne,0.105,774.9,703.7,924.4,889.2
ANFR_3080386.jpg,antenne,0.105,631.0,536.3,788.8,710.2
ANFR_3091650.jpg,antenne,0.105,195.7,672.4,342.3,848.6
ANFR_3091650.jpg,antenne,0.105,757.0,649.6,912.9,837.5
ANFR_3118421.jpg,antenne,0.105,95.8,670.7,254.2,861.1
ANFR_3120599.jpg,antenne,0.105,757.6,79.1,924.0,267.0
ANFR_3143567.jpg,antenne,0.105,96.8,94.3,257.8,288.0
ANFR_3161562.jpg,antenne,0.105,96.8,95.6,258.2,288.2
ANFR_3182931.jpg,antenne,0.105,96.0,99.0,256.5,291.7
ANFR_3204158.jpg,antenne,0.105,95.4,87.5,253.1,269.3
ANFR_3244662.jpg,antenne,0.105,82.9,260.3,234.9,446.7
ANFR_3276112.jpg,antenne,0.105,761.0,209.7,920.2,400.6
ANFR_3276112.jpg,antenne,0.105,761.1,309.3,922.3,501.1
ANFR_3276112.jpg,antenne,0.105,100.9,386.7,257.0,575.3
ANFR_435641.jpg,antenne,0.105,757.8,260.9,919.2,450.6
ANFR_435641.jpg,antenne,0.105,782.4,192.7,932.2,377.1
ANFR_435641.jpg,antenne,0.105,784.6,92.9,936.0,272.8
ANFR_437488.jpg,antenne,0.105,97.9,339.1,255.3,527.6
ANFR_437488.jpg,antenne,0.105,96.4,509.9,255.0,702.4
ANFR_450535.jpg,antenne,0.105,762.7,106.7,924.9,297.9
ANFR_450535.jpg,antenne,0.105,95.3,725.4,247.4,906.3
ANFR_450535.jpg,antenne,0.105,454.6,287.9,596.5,458.1
ANFR_462036.jpg,antenne,0.105,267.4,591.3,397.8,756.8
ANFR_472746.jpg,antenne,0.105,454.6,365.0,614.8,549.1
ANFR_601450.jpg,antenne,0.105,761.8,205.4,921.4,398.7
ANFR_601450.jpg,antenne,0.105,763.4,538.4,923.2,730.3
ANFR_601450.jpg,antenne,0.105,401.0,750.4,557.2,926.9
ANFR_605710.jpg,antenne,0.105,759.2,92.2,913.3,274.5
ANFR_650117.jpg,antenne,0.105,105.6,702.1,238.7,865.5
ANFR_650117.jpg,antenne,0.105,409.2,780.3,535.8,935.1
ANFR_650117.jpg,antenne,0.105,531.8,83.1,685.9,240.8
ANFR_683244.jpg,antenne,0.105,92.9,673.0,249.2,862.3
ANFR_690774.jpg,antenne,0.105,103.9,416.9,258.6,604.7
ANFR_690774.jpg,antenne,0.105,194.8,103.4,362.0,293.6
ANFR_690774.jpg,antenne,0.105,759.5,70.1,921.6,246.6
ANFR_771841.jpg,antenne,0.105,424.8,240.6,572.8,423.5
ANFR_771841.jpg,antenne,0.105,502.3,112.3,652.3,289.0
ANFR_814908.jpg,antenne,0.105,622.5,170.6,774.9,351.0
ANFR_814908.jpg,antenne,0.105,759.0,645.8,917.0,834.5
ANFR_1007156.jpg,antenne,0.104,450.7,87.5,610.3,266.1
ANFR_1279490.jpg,antenne,0.104,808.6,562.2,951.1,735.7
ANFR_1279490.jpg,antenne,0.104,152.4,334.4,309.9,516.1
ANFR_1279490.jpg,antenne,0.104,462.7,418.4,605.4,576.3
ANFR_1456691.jpg,antenne,0.104,757.6,86.4,917.5,270.0
ANFR_1456691.jpg,antenne,0.104,789.8,662.1,935.5,861.4
ANFR_1511237.jpg,antenne,0.104,80.0,405.4,233.9,595.5
ANFR_1511237.jpg,antenne,0.104,270.9,520.2,424.2,704.7
ANFR_1513339.jpg,antenne,0.104,101.6,613.1,249.9,787.5
ANFR_1568341.jpg,antenne,0.104,83.7,72.7,216.3,220.5
ANFR_1568371.jpg,antenne,0.104,75.8,68.8,226.9,243.5
ANFR_1596728.jpg,antenne,0.104,94.6,88.9,251.3,270.1
ANFR_1597519.jpg,antenne,0.104,98.5,387.3,256.8,577.6
ANFR_1597519.jpg,antenne,0.104,761.8,333.3,922.5,525.4
ANFR_1597519.jpg,antenne,0.104,96.9,694.6,255.0,887.0
ANFR_1597519.jpg,antenne,0.104,756.3,105.2,909.8,277.4
ANFR_1669326.jpg,antenne,0.104,95.5,670.2,254.0,861.4
ANFR_1679737.jpg,antenne,0.104,94.3,517.2,252.8,707.2
ANFR_1710227.jpg,antenne,0.104,782.3,700.5,934.3,888.3
ANFR_1710227.jpg,antenne,0.104,762.0,617.2,921.9,808.9
ANFR_1710227.jpg,antenne,0.104,783.5,744.9,937.9,928.7
ANFR_1710227.jpg,antenne,0.104,782.3,445.5,930.8,629.8
ANFR_1710227.jpg,antenne,0.104,782.5,489.7,935.3,679.2
ANFR_1792887.jpg,antenne,0.104,98.4,308.9,256.5,499.5
ANFR_1792887.jpg,antenne,0.104,759.9,76.9,913.7,246.6
ANFR_1831346.jpg,antenne,0.104,733.6,208.0,897.3,402.6
ANFR_1831346.jpg,antenne,0.104,734.6,157.0,896.9,347.2
ANFR_1950494.jpg,antenne,0.104,98.0,591.8,257.1,781.7
ANFR_2049015.jpg,antenne,0.104,434.0,479.3,568.3,636.8
ANFR_2368665.jpg,antenne,0.104,757.0,97.3,924.3,287.3
ANFR_2385920.jpg,antenne,0.104,762.6,385.2,924.6,578.3
ANFR_2385920.jpg,antenne,0.104,783.4,360.6,937.9,551.9
ANFR_2385920.jpg,antenne,0.104,98.4,383.4,256.6,575.0
ANFR_2385920.jpg,antenne,0.104,782.5,265.5,932.6,451.9
ANFR_2479993.jpg,antenne,0.104,759.0,122.9,915.7,317.4
ANFR_2479993.jpg,antenne,0.104,736.9,98.7,900.3,291.9
ANFR_2479993.jpg,antenne,0.104,761.3,591.8,921.6,781.7
ANFR_2516570.jpg,antenne,0.104,96.0,286.8,253.9,476.2
ANFR_2516581.jpg,antenne,0.104,758.4,181.9,918.2,373.9
ANFR_2532695.jpg,antenne,0.104,94.5,671.9,252.1,861.9
ANFR_2636551.jpg,antenne,0.104,94.0,619.5,251.5,809.3
ANFR_2640050.jpg,antenne,0.104,98.7,236.7,253.5,424.7
ANFR_2640050.jpg,antenne,0.104,330.4,456.0,493.6,647.9
ANFR_2640050.jpg,antenne,0.104,657.5,78.6,813.0,248.9
ANFR_2650209.jpg,antenne,0.104,486.4,538.4,638.5,724.8
ANFR_2650209.jpg,antenne,0.104,271.1,98.6,425.7,283.2
ANFR_2659994.jpg,antenne,0.104,94.6,725.0,250.6,913.3
ANFR_2659994.jpg,antenne,0.104,658.3,472.7,813.3,650.6
ANFR_2659994.jpg,antenne,0.104,765.7,512.5,929.2,705.9
ANFR_2662883.jpg,antenne,0.104,762.4,308.4,924.1,499.7
ANFR_2684361.jpg,antenne,0.104,298.4,443.1,453.0,608.7
ANFR_2684361.jpg,antenne,0.104,788.8,438.9,940.1,624.5
ANFR_2690727.jpg,antenne,0.104,783.4,75.1,925.7,228.0
ANFR_2697178.jpg,antenne,0.104,760.5,669.3,919.6,861.3
ANFR_2755704.jpg,antenne,0.104,683.6,743.3,848.7,922.8
ANFR_2755704.jpg,antenne,0.104,585.9,678.8,737.5,856.9
ANFR_2817293.jpg,antenne,0.104,763.9,89.9,917.5,251.7
ANFR_2817293.jpg,antenne,0.104,279.6,704.6,428.1,887.7
ANFR_2828017.jpg,antenne,0.104,98.2,463.7,256.2,652.4
ANFR_2828017.jpg,antenne,0.104,97.2,698.4,253.9,888.0
ANFR_2839581.jpg,antenne,0.104,759.9,87.1,920.7,270.6
ANFR_2876424.jpg,antenne,0.104,96.3,722.0,254.5,910.2
ANFR_2876424.jpg,antenne,0.104,761.0,233.4,919.9,424.8
ANFR_2880306.jpg,antenne,0.104,81.3,73.8,228.1,242.4
ANFR_2885698.jpg,antenne,0.104,757.1,90.1,917.9,273.5
ANFR_2886199.jpg,antenne,0.104,758.8,668.4,918.0,861.2
ANFR_2957112.jpg,antenne,0.104,758.0,82.6,922.5,268.8
ANFR_2989296.jpg,antenne,0.104,732.4,228.7,875.7,400.0
ANFR_2989296.jpg,antenne,0.104,655.1,547.4,813.3,728.2
ANFR_3039108.jpg,antenne,0.104,312.6,745.4,437.1,886.7
ANFR_3050570.jpg,antenne,0.104,82.2,71.0,228.7,240.7
ANFR_3080386.jpg,antenne,0.104,782.7,617.3,930.1,800.8
ANFR_3080386.jpg,antenne,0.104,756.6,90.2,916.3,272.2
ANFR_3080386.jpg,antenne,0.104,373.3,713.1,526.2,883.4
ANFR_3097729.jpg,antenne,0.104,95.3,439.5,253.0,629.2
ANFR_3097902.jpg,antenne,0.104,76.0,360.5,231.9,550.9
ANFR_3097902.jpg,antenne,0.104,93.4,388.3,255.0,580.6
ANFR_3097902.jpg,antenne,0.104,77.1,745.1,232.8,930.2
ANFR_3097902.jpg,antenne,0.104,94.0,337.4,254.8,528.7
ANFR_3118421.jpg,antenne,0.104,759.8,152.0,914.7,344.4
ANFR_3120599.jpg,antenne,0.104,94.7,86.7,252.3,270.3
ANFR_3143567.jpg,antenne,0.104,95.5,747.4,253.1,929.7
ANFR_3143567.jpg,antenne,0.104,97.9,414.2,254.5,604.1
ANFR_3161562.jpg,antenne,0.104,96.2,568.2,254.6,757.7
ANFR_3182931.jpg,antenne,0.104,759.6,721.8,920.3,911.0
ANFR_3182931.jpg,antenne,0.104,758.7,96.7,921.6,290.3
ANFR_3244662.jpg,antenne,0.104,99.8,131.8,256.7,323.6
ANFR_3244662.jpg,antenne,0.104,760.3,593.4,917.9,783.5
ANFR_3244662.jpg,antenne,0.104,93.9,330.7,252.0,522.0
ANFR_3244662.jpg,antenne,0.104,759.7,671.0,917.7,862.2
ANFR_3276112.jpg,antenne,0.104,95.5,84.1,253.2,268.8
ANFR_435641.jpg,antenne,0.104,783.6,136.2,934.7,324.6
ANFR_435641.jpg,antenne,0.104,605.7,617.8,762.0,807.8
ANFR_437488.jpg,antenne,0.104,80.6,439.3,233.4,626.5
ANFR_462036.jpg,antenne,0.104,90.0,518.5,228.8,694.3
ANFR_508958.jpg,antenne,0.104,97.3,388.4,255.1,577.8
ANFR_531215.jpg,antenne,0.104,96.3,81.3,255.6,267.6
ANFR_601450.jpg,antenne,0.104,763.8,588.5,921.7,779.9
ANFR_601450.jpg,antenne,0.104,762.9,490.2,922.0,680.3
ANFR_601450.jpg,antenne,0.104,96.1,76.7,246.0,242.4
ANFR_605710.jpg,antenne,0.104,656.9,757.2,820.5,937.1
ANFR_605710.jpg,antenne,0.104,654.4,725.6,799.6,897.4
ANFR_605710.jpg,antenne,0.104,736.4,158.5,902.4,349.8
ANFR_650117.jpg,antenne,0.104,760.5,409.3,919.1,601.8
ANFR_683244.jpg,antenne,0.104,78.3,383.3,235.0,573.8
ANFR_683244.jpg,antenne,0.104,76.0,643.8,231.0,833.0
ANFR_690774.jpg,antenne,0.104,375.2,485.2,538.1,677.8
ANFR_690774.jpg,antenne,0.104,759.3,259.2,919.3,449.3
ANFR_771841.jpg,antenne,0.104,403.6,209.6,561.2,399.6
ANFR_814908.jpg,antenne,0.104,783.8,201.4,934.7,391.2
ANFR_816571.jpg,antenne,0.104,99.5,129.2,254.5,314.7
ANFR_816571.jpg,antenne,0.104,168.6,68.7,324.4,245.1
ANFR_1010485.jpg,antenne,0.103,124.3,313.7,279.6,499.2
ANFR_1456691.jpg,antenne,0.103,450.7,429.7,612.0,621.2
ANFR_1511237.jpg,antenne,0.103,96.8,431.8,254.5,623.5
ANFR_1511237.jpg,antenne,0.103,74.6,76.3,230.8,264.5
ANFR_1511237.jpg,antenne,0.103,92.9,237.3,249.8,427.7
ANFR_1513339.jpg,antenne,0.103,246.9,198.0,396.3,375.6
ANFR_1513339.jpg,antenne,0.103,627.7,84.2,774.6,263.3
ANFR_1513339.jpg,antenne,0.103,528.6,443.2,683.6,627.3
ANFR_1513339.jpg,antenne,0.103,761.2,719.0,920.1,908.1
ANFR_1568341.jpg,antenne,0.103,98.9,306.8,257.9,498.8
ANFR_1568341.jpg,antenne,0.103,83.6,121.7,236.1,313.7
ANFR_1568371.jpg,antenne,0.103,737.2,278.2,903.5,472.2
ANFR_1584204.jpg,antenne,0.103,116.3,226.9,270.9,421.2
ANFR_1596728.jpg,antenne,0.103,757.4,84.2,916.7,269.3
ANFR_1597519.jpg,antenne,0.103,760.1,516.2,917.1,706.3
ANFR_1597519.jpg,antenne,0.103,98.6,150.9,258.3,344.7
ANFR_1597519.jpg,antenne,0.103,97.0,640.5,256.1,832.4
ANFR_1597519.jpg,antenne,0.103,762.4,233.1,922.2,425.4
ANFR_1669326.jpg,antenne,0.103,96.0,617.6,254.8,809.0
ANFR_1669326.jpg,antenne,0.103,95.3,412.9,254.6,604.3
ANFR_1669326.jpg,antenne,0.103,95.2,463.5,254.6,654.9
ANFR_1669326.jpg,antenne,0.103,95.3,362.0,254.4,553.1
ANFR_1669326.jpg,antenne,0.103,96.0,565.8,255.0,757.4
ANFR_1679737.jpg,antenne,0.103,77.8,589.9,232.8,779.8
ANFR_1679737.jpg,antenne,0.103,784.6,78.3,937.1,248.8
ANFR_1679737.jpg,antenne,0.103,77.4,539.6,232.5,729.2
ANFR_1681423.jpg,antenne,0.103,399.0,74.7,555.8,248.2
ANFR_1681423.jpg,antenne,0.103,785.5,229.5,941.3,421.6
ANFR_1710227.jpg,antenne,0.103,761.6,564.6,922.8,757.4
ANFR_1710227.jpg,antenne,0.103,762.0,180.5,922.4,372.9
ANFR_1710227.jpg,antenne,0.103,760.6,122.8,923.2,319.0
ANFR_1792887.jpg,antenne,0.103,99.2,260.1,257.2,449.8
ANFR_1831346.jpg,antenne,0.103,756.8,140.4,914.7,325.7
ANFR_1831346.jpg,antenne,0.103,95.5,490.5,251.5,679.8
ANFR_1950123.jpg,antenne,0.103,98.8,571.9,253.5,759.7
ANFR_1950123.jpg,antenne,0.103,91.8,106.5,249.9,295.7
ANFR_1950494.jpg,antenne,0.103,762.4,361.3,920.3,552.9
ANFR_1950494.jpg,antenne,0.103,97.9,641.6,256.3,833.7
ANFR_2049015.jpg,antenne,0.103,98.0,360.1,256.2,550.4
ANFR_2049015.jpg,antenne,0.103,763.4,482.8,923.7,676.6
ANFR_2049015.jpg,antenne,0.103,762.1,259.8,922.8,449.1
ANFR_2049015.jpg,antenne,0.103,782.5,74.6,923.3,227.0
ANFR_2311941.jpg,antenne,0.103,401.4,752.5,559.8,926.2
ANFR_2368665.jpg,antenne,0.103,78.5,255.0,235.2,444.7
ANFR_2368665.jpg,antenne,0.103,783.6,608.1,931.0,777.9
ANFR_2368665.jpg,antenne,0.103,731.5,95.0,898.9,271.4
ANFR_2385920.jpg,antenne,0.103,781.8,102.6,935.7,293.2
ANFR_2479993.jpg,antenne,0.103,95.5,96.2,255.9,288.2
ANFR_2501177.jpg,antenne,0.103,94.6,100.9,253.5,292.8
ANFR_2516570.jpg,antenne,0.103,95.4,438.1,251.9,629.0
ANFR_2516570.jpg,antenne,0.103,94.3,388.1,250.2,577.9
ANFR_2516570.jpg,antenne,0.103,94.4,336.0,251.9,527.8
ANFR_2532695.jpg,antenne,0.103,78.0,695.9,231.7,884.8
ANFR_2543945.jpg,antenne,0.103,784.3,67.4,932.5,223.7
ANFR_2567246.jpg,antenne,0.103,756.0,94.1,914.6,273.5
ANFR_2636551.jpg,antenne,0.103,95.8,127.0,255.2,320.7
ANFR_2636551.jpg,antenne,0.103,77.2,642.4,232.4,832.5
ANFR_2636551.jpg,antenne,0.103,81.1,101.4,234.9,291.9
ANFR_2640050.jpg,antenne,0.103,580.5,388.9,739.4,577.0
ANFR_2640050.jpg,antenne,0.103,732.5,126.2,891.5,319.9
ANFR_2640050.jpg,antenne,0.103,80.8,597.3,232.1,782.5
ANFR_2640050.jpg,antenne,0.103,115.6,738.9,271.4,918.9
ANFR_2654106.jpg,antenne,0.103,761.2,639.8,918.8,831.7
ANFR_2662883.jpg,antenne,0.103,782.5,472.6,932.4,657.5
ANFR_2662883.jpg,antenne,0.103,761.5,153.1,921.2,347.7
ANFR_2697178.jpg,antenne,0.103,784.2,746.8,936.9,928.6
ANFR_2697178.jpg,antenne,0.103,760.5,80.2,919.6,247.8
ANFR_2701364.jpg,antenne,0.103,98.6,667.7,256.9,857.9
ANFR_2701364.jpg,antenne,0.103,97.0,720.8,255.6,912.4
ANFR_2713171.jpg,antenne,0.103,407.7,413.2,566.3,599.0
ANFR_2713171.jpg,antenne,0.103,86.5,77.7,229.9,239.2
ANFR_2828017.jpg,antenne,0.103,758.7,412.4,915.1,605.4
ANFR_2876424.jpg,antenne,0.103,97.5,466.6,255.9,655.0
ANFR_2876424.jpg,antenne,0.103,733.1,80.5,895.3,249.1
ANFR_2876424.jpg,antenne,0.103,760.7,537.9,920.0,730.6
ANFR_2876424.jpg,antenne,0.103,761.7,618.3,920.9,809.7
ANFR_2876424.jpg,antenne,0.103,761.0,282.0,920.1,473.9
ANFR_2885698.jpg,antenne,0.103,104.2,590.7,253.8,779.9
ANFR_2886199.jpg,antenne,0.103,760.1,87.2,922.0,271.0
ANFR_2957112.jpg,antenne,0.103,97.1,621.1,255.2,807.9
ANFR_2970803.jpg,antenne,0.103,93.0,417.7,249.7,605.3
ANFR_2989296.jpg,antenne,0.103,94.0,670.3,252.5,861.1
ANFR_3039108.jpg,antenne,0.103,80.7,748.7,231.3,929.6
ANFR_3041144.jpg,antenne,0.103,95.9,128.0,254.8,321.1
ANFR_3041144.jpg,antenne,0.103,96.7,181.4,254.5,372.1
ANFR_3062801.jpg,antenne,0.103,765.6,124.7,929.0,320.5
ANFR_3080386.jpg,antenne,0.103,578.9,563.5,736.2,741.9
ANFR_3091650.jpg,antenne,0.103,763.4,122.0,925.2,317.7
ANFR_3091650.jpg,antenne,0.103,782.6,99.6,936.2,289.7
ANFR_3091650.jpg,antenne,0.103,400.0,703.6,558.4,887.2
ANFR_3091650.jpg,antenne,0.103,755.8,697.1,916.4,888.4
ANFR_3091650.jpg,antenne,0.103,74.1,232.4,213.4,397.8
ANFR_3097902.jpg,antenne,0.103,93.6,724.1,252.3,913.5
ANFR_3097902.jpg,antenne,0.103,75.2,563.8,231.0,754.6
ANFR_3097902.jpg,antenne,0.103,91.8,440.8,252.6,631.5
ANFR_3097902.jpg,antenne,0.103,94.5,285.4,256.1,478.0
ANFR_3120599.jpg,antenne,0.103,732.4,79.4,895.9,250.1
ANFR_3182931.jpg,antenne,0.103,96.2,698.9,253.6,889.8
ANFR_3182931.jpg,antenne,0.103,759.7,673.4,918.4,863.0
ANFR_3244662.jpg,antenne,0.103,760.5,544.3,917.4,733.3
ANFR_3276112.jpg,antenne,0.103,445.2,359.0,596.4,537.2
ANFR_3300148.jpg,antenne,0.103,96.2,540.7,254.6,730.5
ANFR_435641.jpg,antenne,0.103,632.5,392.8,786.0,577.9
ANFR_435641.jpg,antenne,0.103,738.0,239.1,900.0,428.6
ANFR_435641.jpg,antenne,0.103,402.9,268.9,565.7,450.8
ANFR_435641.jpg,antenne,0.103,765.3,107.9,924.5,297.6
ANFR_435641.jpg,antenne,0.103,426.7,256.8,578.0,427.9
ANFR_437488.jpg,antenne,0.103,80.3,485.7,234.6,675.1
ANFR_462036.jpg,antenne,0.103,198.3,731.4,365.3,915.9
ANFR_462036.jpg,antenne,0.103,782.5,720.5,936.1,907.5
ANFR_462036.jpg,antenne,0.103,77.4,242.3,216.2,409.7
ANFR_472746.jpg,antenne,0.103,123.4,763.1,248.4,901.4
ANFR_587183.jpg,antenne,0.103,760.6,83.8,920.7,266.9
ANFR_601450.jpg,antenne,0.103,786.6,744.6,940.1,927.6
ANFR_601450.jpg,antenne,0.103,84.2,334.5,235.5,519.6
ANFR_601450.jpg,antenne,0.103,463.7,353.7,621.6,547.4
ANFR_601450.jpg,antenne,0.103,762.4,331.2,923.3,524.6
ANFR_605710.jpg,antenne,0.103,735.8,203.3,898.7,396.4
ANFR_650117.jpg,antenne,0.103,603.4,652.7,744.9,802.7
ANFR_683244.jpg,antenne,0.103,95.7,105.2,255.0,294.8
ANFR_683244.jpg,antenne,0.103,760.4,567.6,920.6,755.8
ANFR_690774.jpg,antenne,0.103,398.0,428.5,548.6,605.8
ANFR_690774.jpg,antenne,0.103,218.8,96.7,364.7,253.3
ANFR_771841.jpg,antenne,0.103,460.0,724.6,611.7,903.2
ANFR_771841.jpg,antenne,0.103,758.6,74.0,919.9,248.6
ANFR_814908.jpg,antenne,0.103,760.2,415.2,919.9,604.5
ANFR_814908.jpg,antenne,0.103,82.3,73.4,228.5,242.1
ANFR_816571.jpg,antenne,0.103,782.4,598.2,922.6,773.1
ANFR_816571.jpg,antenne,0.103,758.7,525.2,905.2,707.0
ANFR_851972.jpg,antenne,0.103,95.0,95.5,254.2,285.7
ANFR_851972.jpg,antenne,0.103,97.8,672.4,254.0,861.9
ANFR_851972.jpg,antenne,0.103,757.4,88.1,919.3,272.3
ANFR_953437.jpg,antenne,0.103,95.6,153.1,254.9,346.2
ANFR_953437.jpg,antenne,0.103,782.4,74.4,923.6,228.4
ANFR_1007156.jpg,antenne,0.102,459.7,257.1,600.9,425.2
ANFR_1010485.jpg,antenne,0.102,762.3,182.3,918.7,370.2
ANFR_1212322.jpg,antenne,0.102,730.6,707.6,880.4,874.6
ANFR_1212322.jpg,antenne,0.102,781.4,78.1,920.4,230.9
ANFR_1511237.jpg,antenne,0.102,424.3,195.7,580.9,376.7
ANFR_1511237.jpg,antenne,0.102,426.4,727.7,560.8,886.7
ANFR_1511237.jpg,antenne,0.102,76.2,208.8,230.7,398.1
ANFR_1511237.jpg,antenne,0.102,247.7,540.1,411.9,735.2
ANFR_1513339.jpg,antenne,0.102,781.7,103.1,943.0,290.0
ANFR_1513339.jpg,antenne,0.102,94.4,204.0,244.4,384.2
ANFR_1513339.jpg,antenne,0.102,760.0,120.2,924.1,316.6
ANFR_1568341.jpg,antenne,0.102,731.6,81.5,892.0,250.4
ANFR_1568341.jpg,antenne,0.102,758.8,124.7,919.3,320.7
ANFR_1568371.jpg,antenne,0.102,739.0,243.3,902.2,427.6
ANFR_1568371.jpg,antenne,0.102,784.7,701.6,934.5,888.4
ANFR_1568371.jpg,antenne,0.102,766.5,722.2,925.3,911.0
ANFR_1568371.jpg,antenne,0.102,147.7,498.3,285.3,665.5
ANFR_1568371.jpg,antenne,0.102,760.2,300.4,922.8,496.2
ANFR_1597519.jpg,antenne,0.102,760.9,176.5,922.1,371.3
ANFR_1597519.jpg,antenne,0.102,98.6,334.6,257.2,526.3
ANFR_1597519.jpg,antenne,0.102,782.7,263.8,935.2,451.0
ANFR_1669326.jpg,antenne,0.102,95.6,514.2,254.8,705.8
ANFR_1669326.jpg,antenne,0.102,503.0,176.5,646.9,354.2
ANFR_1669326.jpg,antenne,0.102,95.3,310.2,254.6,502.0
ANFR_1669326.jpg,antenne,0.102,95.2,258.6,254.2,450.1
ANFR_1679737.jpg,antenne,0.102,77.9,641.3,232.8,831.3
ANFR_1681423.jpg,antenne,0.102,98.1,667.9,254.1,859.0
ANFR_1681423.jpg,antenne,0.102,297.9,182.5,455.9,372.5
ANFR_1681423.jpg,antenne,0.102,426.2,397.6,564.2,564.1
ANFR_1710227.jpg,antenne,0.102,782.1,75.5,925.5,227.4
ANFR_1710227.jpg,antenne,0.102,782.6,647.3,935.2,835.6
ANFR_1710227.jpg,antenne,0.102,760.4,363.3,919.2,554.8
ANFR_1737051.jpg,antenne,0.102,708.6,105.5,868.3,268.5
ANFR_1737051.jpg,antenne,0.102,220.4,69.7,364.2,216.8
ANFR_1831346.jpg,antenne,0.102,556.1,336.9,715.3,525.0
ANFR_1851458.jpg,antenne,0.102,99.4,491.4,254.5,673.0
ANFR_1950494.jpg,antenne,0.102,760.4,460.6,918.7,651.9
ANFR_1950494.jpg,antenne,0.102,783.7,73.5,926.3,224.7
ANFR_2049015.jpg,antenne,0.102,99.0,152.5,258.2,345.3
ANFR_2049015.jpg,antenne,0.102,80.0,743.5,234.1,928.7
ANFR_2049015.jpg,antenne,0.102,99.1,205.0,257.8,395.9
ANFR_2049015.jpg,antenne,0.102,79.6,694.5,233.1,883.9
ANFR_2049015.jpg,antenne,0.102,85.7,69.5,219.8,219.2
ANFR_2079587.jpg,antenne,0.102,95.8,86.3,252.8,270.2
ANFR_2385920.jpg,antenne,0.102,783.4,73.6,927.0,228.7
ANFR_2385920.jpg,antenne,0.102,82.1,181.4,233.9,369.0
ANFR_2385920.jpg,antenne,0.102,425.7,403.8,583.3,582.1
ANFR_2516570.jpg,antenne,0.102,97.7,719.4,259.7,911.4
ANFR_2532695.jpg,antenne,0.102,762.0,358.1,921.8,551.0
ANFR_2532695.jpg,antenne,0.102,759.3,261.7,918.4,451.3
ANFR_2532695.jpg,antenne,0.102,757.5,89.8,918.0,271.2
ANFR_2543945.jpg,antenne,0.102,608.0,609.1,749.9,772.2
ANFR_2543945.jpg,antenne,0.102,707.9,311.6,869.0,501.8
ANFR_2543945.jpg,antenne,0.102,79.8,70.9,216.2,222.1
ANFR_2640050.jpg,antenne,0.102,737.6,177.9,902.2,369.8
ANFR_2640050.jpg,antenne,0.102,706.1,102.2,867.8,292.1
ANFR_2640050.jpg,antenne,0.102,95.7,516.0,256.0,706.4
ANFR_2659994.jpg,antenne,0.102,80.1,746.4,233.1,930.1
ANFR_2662883.jpg,antenne,0.102,782.7,287.4,935.3,475.5
ANFR_2662883.jpg,antenne,0.102,762.6,440.1,921.3,631.4
ANFR_2690727.jpg,antenne,0.102,100.0,309.4,257.9,498.6
ANFR_2690727.jpg,antenne,0.102,760.3,122.0,923.1,318.0
ANFR_2697178.jpg,antenne,0.102,761.3,616.5,920.5,808.9
ANFR_2697178.jpg,antenne,0.102,413.5,407.4,570.3,598.8
ANFR_2713171.jpg,antenne,0.102,760.6,713.4,922.2,908.4
ANFR_2755704.jpg,antenne,0.102,223.7,65.3,373.6,222.6
ANFR_2817293.jpg,antenne,0.102,553.0,111.5,705.6,287.0
ANFR_2817293.jpg,antenne,0.102,736.9,91.3,901.6,271.0
ANFR_2828017.jpg,antenne,0.102,86.6,70.6,221.2,218.1
ANFR_2828017.jpg,antenne,0.102,760.4,724.0,918.3,913.0
ANFR_2828017.jpg,antenne,0.102,99.2,280.0,258.2,472.2
ANFR_2828017.jpg,antenne,0.102,780.9,299.0,926.9,480.1
ANFR_2828017.jpg,antenne,0.102,731.4,81.0,894.3,249.2
ANFR_2839581.jpg,antenne,0.102,588.7,496.8,742.5,678.5
ANFR_2876424.jpg,antenne,0.102,781.3,700.0,931.3,887.4
ANFR_2876424.jpg,antenne,0.102,783.1,744.3,934.8,928.1
ANFR_2876424.jpg,antenne,0.102,345.9,102.8,507.7,301.2
ANFR_2876424.jpg,antenne,0.102,422.1,100.3,567.4,267.6
ANFR_2876424.jpg,antenne,0.102,782.1,648.8,933.7,836.1
ANFR_2886199.jpg,antenne,0.102,760.1,571.0,919.7,760.7
ANFR_2917087.jpg,antenne,0.102,96.2,77.7,233.8,225.3
ANFR_2917087.jpg,antenne,0.102,760.5,508.6,923.9,704.4
ANFR_2917087.jpg,antenne,0.102,781.9,486.4,936.4,676.2
ANFR_2937855.jpg,antenne,0.102,97.3,612.5,255.9,804.5
ANFR_2957112.jpg,antenne,0.102,529.0,333.7,668.7,509.9
ANFR_2970803.jpg,antenne,0.102,94.3,85.6,250.8,270.1
ANFR_2970803.jpg,antenne,0.102,93.8,460.8,253.5,652.3
ANFR_2989296.jpg,antenne,0.102,76.4,693.4,232.1,884.3
ANFR_2989296.jpg,antenne,0.102,76.6,614.3,232.8,806.4
ANFR_2989296.jpg,antenne,0.102,115.6,524.6,271.8,709.9
ANFR_3041144.jpg,antenne,0.102,79.8,103.0,233.6,291.8
ANFR_3062801.jpg,antenne,0.102,450.1,95.8,600.6,254.2
ANFR_3080386.jpg,antenne,0.102,758.2,126.8,918.7,321.3
ANFR_3080386.jpg,antenne,0.102,759.5,208.5,919.5,400.3
ANFR_3091650.jpg,antenne,0.102,762.6,310.0,922.4,500.1
ANFR_3091650.jpg,antenne,0.102,730.8,723.8,893.1,915.0
ANFR_3091650.jpg,antenne,0.102,732.4,672.4,896.9,864.0
ANFR_3097729.jpg,antenne,0.102,95.9,487.5,254.8,679.5
ANFR_3097902.jpg,antenne,0.102,95.2,234.6,255.2,425.3
ANFR_3097902.jpg,antenne,0.102,76.3,311.0,231.9,500.1
ANFR_3118421.jpg,antenne,0.102,79.9,743.8,234.3,929.2
ANFR_3118421.jpg,antenne,0.102,760.2,284.0,914.2,473.9
ANFR_3118421.jpg,antenne,0.102,96.6,619.1,255.1,809.8
ANFR_3120599.jpg,antenne,0.102,761.4,309.9,921.5,501.3
ANFR_3120599.jpg,antenne,0.102,759.3,74.5,908.5,227.3
ANFR_3120599.jpg,antenne,0.102,762.2,359.1,922.2,551.5
ANFR_3120599.jpg,antenne,0.102,96.8,207.3,255.9,398.7
ANFR_3143567.jpg,antenne,0.102,97.1,510.4,256.1,702.7
ANFR_3143567.jpg,antenne,0.102,759.1,125.2,920.8,320.5
ANFR_3182931.jpg,antenne,0.102,98.3,412.4,256.4,602.8
ANFR_3182931.jpg,antenne,0.102,81.3,727.2,231.6,911.2
ANFR_3244662.jpg,antenne,0.102,116.7,211.1,274.0,401.3
ANFR_3244662.jpg,antenne,0.102,74.0,719.7,229.6,908.9
ANFR_3276112.jpg,antenne,0.102,761.3,157.7,920.9,349.2
ANFR_3276112.jpg,antenne,0.102,99.6,335.1,256.2,525.9
ANFR_3300148.jpg,antenne,0.102,93.5,101.7,253.3,294.9
ANFR_435641.jpg,antenne,0.102,628.8,531.6,783.5,725.9
ANFR_435641.jpg,antenne,0.102,733.0,285.1,897.8,476.5
ANFR_437488.jpg,antenne,0.102,501.1,93.3,659.2,271.6
ANFR_437488.jpg,antenne,0.102,322.3,94.1,480.5,273.4
ANFR_450535.jpg,antenne,0.102,375.6,427.5,534.8,616.2
ANFR_450535.jpg,antenne,0.102,118.0,123.4,275.1,313.0
ANFR_462036.jpg,antenne,0.102,781.2,675.9,930.3,861.8
ANFR_462036.jpg,antenne,0.102,96.3,79.8,251.7,265.1
ANFR_462036.jpg,antenne,0.102,250.8,416.2,390.0,603.0
ANFR_472746.jpg,antenne,0.102,479.4,384.9,641.0,571.4
ANFR_472746.jpg,antenne,0.102,119.0,279.3,279.7,470.4
ANFR_508958.jpg,antenne,0.102,758.0,85.6,920.3,271.4
ANFR_601450.jpg,antenne,0.102,95.0,448.7,249.7,636.9
ANFR_601450.jpg,antenne,0.102,426.7,593.9,584.2,779.3
ANFR_601450.jpg,antenne,0.102,125.5,227.4,270.5,408.8
ANFR_601450.jpg,antenne,0.102,764.9,639.4,922.8,831.3
ANFR_605710.jpg,antenne,0.102,781.2,161.8,930.4,343.7
ANFR_605710.jpg,antenne,0.102,96.8,285.7,252.9,474.5
ANFR_605710.jpg,antenne,0.102,274.9,358.9,426.6,532.4
ANFR_605710.jpg,antenne,0.102,758.9,228.6,917.5,419.8
ANFR_683244.jpg,antenne,0.102,93.3,620.7,250.3,810.7
ANFR_690774.jpg,antenne,0.102,169.4,93.1,334.2,273.3
ANFR_690774.jpg,antenne,0.102,117.0,438.4,276.4,628.8
ANFR_690774.jpg,antenne,0.102,397.4,461.9,552.4,652.5
ANFR_690774.jpg,antenne,0.102,782.1,523.0,933.0,708.3
ANFR_814908.jpg,antenne,0.102,326.4,497.3,480.6,678.0
ANFR_814908.jpg,antenne,0.102,583.7,226.4,750.6,424.6
ANFR_953437.jpg,antenne,0.102,760.1,338.6,915.2,526.5
ANFR_953437.jpg,antenne,0.102,78.0,86.0,231.1,268.4
ANFR_1007156.jpg,antenne,0.101,98.2,694.6,253.9,887.2
ANFR_1010485.jpg,antenne,0.101,554.0,80.7,706.5,247.2
ANFR_1212322.jpg,antenne,0.101,450.7,485.6,611.7,669.6
ANFR_1212322.jpg,antenne,0.101,396.6,444.5,545.1,613.0
ANFR_1212322.jpg,antenne,0.101,654.0,373.8,803.4,577.2
ANFR_1456691.jpg,antenne,0.101,453.7,344.7,602.3,526.7
ANFR_1456691.jpg,antenne,0.101,760.2,253.0,920.7,446.5
ANFR_1511237.jpg,antenne,0.101,249.5,492.6,407.0,681.2
ANFR_1511237.jpg,antenne,0.101,551.0,87.9,712.9,268.4
ANFR_1511237.jpg,antenne,0.101,222.0,597.7,383.1,785.5
ANFR_1513339.jpg,antenne,0.101,604.1,81.7,757.3,246.9
ANFR_1513339.jpg,antenne,0.101,478.0,213.5,634.3,397.4
ANFR_1513339.jpg,antenne,0.101,484.7,665.3,644.1,857.0
ANFR_1513339.jpg,antenne,0.101,734.3,106.5,901.2,293.4
ANFR_1568341.jpg,antenne,0.101,759.1,723.5,918.9,912.7
ANFR_1568341.jpg,antenne,0.101,760.2,181.3,920.5,373.0
ANFR_1568341.jpg,antenne,0.101,761.4,438.7,921.6,630.1
ANFR_1568371.jpg,antenne,0.101,219.0,540.0,376.4,719.1
ANFR_1584204.jpg,antenne,0.101,81.2,748.2,234.6,929.0
ANFR_1596728.jpg,antenne,0.101,466.3,419.7,588.0,559.3
ANFR_1597175.jpg,antenne,0.101,781.1,650.7,930.6,837.0
ANFR_1597175.jpg,antenne,0.101,119.4,700.6,283.8,889.7
ANFR_1597519.jpg,antenne,0.101,732.3,113.5,895.2,296.2
ANFR_1597519.jpg,antenne,0.101,760.3,563.5,919.1,755.0
ANFR_1597519.jpg,antenne,0.101,760.4,465.7,917.4,656.2
ANFR_1597519.jpg,antenne,0.101,99.0,205.0,258.2,397.2
ANFR_1597519.jpg,antenne,0.101,98.7,257.1,257.5,448.5
ANFR_1669326.jpg,antenne,0.101,93.9,102.0,253.3,294.3
ANFR_1669326.jpg,antenne,0.101,655.0,94.5,808.0,269.4
ANFR_1669326.jpg,antenne,0.101,79.0,696.2,232.2,885.3
ANFR_1669326.jpg,antenne,0.101,94.6,209.1,252.6,399.5
ANFR_1710227.jpg,antenne,0.101,781.6,98.7,937.6,291.5
ANFR_1710227.jpg,antenne,0.101,398.1,447.5,555.3,636.9
ANFR_1710227.jpg,antenne,0.101,782.4,540.1,936.6,731.6
ANFR_1710227.jpg,antenne,0.101,761.2,231.1,923.3,424.6
ANFR_1737051.jpg,antenne,0.101,293.4,730.7,435.4,891.8
ANFR_1792887.jpg,antenne,0.101,98.6,357.6,258.0,549.3
ANFR_1792887.jpg,antenne,0.101,82.6,71.4,218.9,222.2
ANFR_1831346.jpg,antenne,0.101,99.3,284.7,257.1,474.3
ANFR_1851458.jpg,antenne,0.101,782.0,67.1,940.5,243.6
ANFR_1950494.jpg,antenne,0.101,115.6,730.5,273.0,916.4
ANFR_1950494.jpg,antenne,0.101,763.4,308.4,922.7,500.6
ANFR_1950494.jpg,antenne,0.101,628.7,79.6,784.0,248.3
ANFR_2049015.jpg,antenne,0.101,97.9,309.7,255.3,500.5
ANFR_2049015.jpg,antenne,0.101,96.2,571.8,253.2,760.0
ANFR_2079587.jpg,antenne,0.101,410.1,396.2,546.6,557.8
ANFR_2311941.jpg,antenne,0.101,763.5,422.3,915.6,609.7
ANFR_2368665.jpg,antenne,0.101,653.8,105.4,812.5,276.1
ANFR_2385920.jpg,antenne,0.101,783.0,412.3,937.6,602.3
ANFR_2479993.jpg,antenne,0.101,733.8,79.6,893.8,248.9
ANFR_2479993.jpg,antenne,0.101,760.4,541.6,920.0,733.7
ANFR_2516581.jpg,antenne,0.101,95.2,88.5,252.2,270.9
ANFR_2516581.jpg,antenne,0.101,759.3,726.2,919.9,913.8
ANFR_2516581.jpg,antenne,0.101,780.9,102.9,936.8,293.9
ANFR_2532695.jpg,antenne,0.101,97.9,80.4,257.3,265.6
ANFR_2543945.jpg,antenne,0.101,275.1,389.8,433.0,574.1
ANFR_2636551.jpg,antenne,0.101,77.3,592.9,231.4,781.1
ANFR_2640050.jpg,antenne,0.101,603.4,412.4,760.4,600.1
ANFR_2640050.jpg,antenne,0.101,115.7,90.4,265.4,248.8
ANFR_2650209.jpg,antenne,0.101,483.4,487.9,638.2,677.8
ANFR_2654106.jpg,antenne,0.101,763.3,543.5,919.3,733.8
ANFR_2659994.jpg,antenne,0.101,763.0,455.2,926.7,651.8
ANFR_2659994.jpg,antenne,0.101,782.8,429.4,934.1,623.6
ANFR_2662883.jpg,antenne,0.101,781.5,99.8,938.5,291.3
ANFR_2662883.jpg,antenne,0.101,783.1,76.0,926.9,229.9
ANFR_2690727.jpg,antenne,0.101,781.8,97.0,940.6,289.9
ANFR_2690727.jpg,antenne,0.101,115.9,83.2,275.2,266.9
ANFR_2690727.jpg,antenne,0.101,99.7,705.5,254.3,892.3
ANFR_2697178.jpg,antenne,0.101,100.3,385.5,258.0,574.9
ANFR_2713171.jpg,antenne,0.101,98.8,746.9,257.0,931.4
ANFR_2713171.jpg,antenne,0.101,766.6,307.2,926.9,499.4
ANFR_2713171.jpg,antenne,0.101,759.4,623.2,915.5,813.9
ANFR_2734984.jpg,antenne,0.101,735.7,69.2,898.8,247.2
ANFR_2734984.jpg,antenne,0.101,780.9,74.2,924.2,228.5
ANFR_2755704.jpg,antenne,0.101,96.5,698.5,253.9,889.5
ANFR_2817293.jpg,antenne,0.101,740.2,232.5,901.8,422.4
ANFR_2828017.jpg,antenne,0.101,477.8,404.7,641.6,596.6
ANFR_2828017.jpg,antenne,0.101,739.4,334.9,903.2,527.2
ANFR_2828017.jpg,antenne,0.101,780.9,337.9,930.4,523.3
ANFR_2828017.jpg,antenne,0.101,780.9,78.9,921.8,227.9
ANFR_2828017.jpg,antenne,0.101,100.5,182.6,256.3,372.8
ANFR_2839581.jpg,antenne,0.101,95.0,721.7,253.5,912.8
ANFR_2876424.jpg,antenne,0.101,761.4,334.6,920.0,527.9
ANFR_2876424.jpg,antenne,0.101,760.7,181.1,921.2,373.4
ANFR_2880306.jpg,antenne,0.101,96.3,748.7,254.2,930.9
ANFR_2880306.jpg,antenne,0.101,758.1,86.0,918.9,270.9
ANFR_2885698.jpg,antenne,0.101,105.0,690.3,262.1,882.8
ANFR_2886199.jpg,antenne,0.101,101.5,82.8,256.7,267.4
ANFR_2917087.jpg,antenne,0.101,222.1,747.1,382.4,927.2
ANFR_2957112.jpg,antenne,0.101,785.0,428.6,930.9,615.6
ANFR_2989296.jpg,antenne,0.101,659.9,150.4,813.8,339.6
ANFR_2989296.jpg,antenne,0.101,97.0,388.4,256.0,579.5
ANFR_3039108.jpg,antenne,0.101,406.8,515.1,563.3,701.6
ANFR_3041144.jpg,antenne,0.101,97.4,231.4,255.9,423.0
ANFR_3041144.jpg,antenne,0.101,82.3,747.1,233.9,929.2
ANFR_3062801.jpg,antenne,0.101,762.8,179.5,925.5,372.3
ANFR_3080386.jpg,antenne,0.101,348.9,719.2,516.2,907.7
ANFR_3080386.jpg,antenne,0.101,780.1,87.4,929.2,251.7
ANFR_3080386.jpg,antenne,0.101,601.5,555.5,768.8,740.8
ANFR_3091650.jpg,antenne,0.101,756.1,594.3,913.9,785.8
ANFR_3091650.jpg,antenne,0.101,424.2,720.0,584.4,905.2
ANFR_3091650.jpg,antenne,0.101,97.7,596.5,252.3,778.9
ANFR_3091650.jpg,antenne,0.101,756.1,547.9,913.9,734.9
ANFR_3091650.jpg,antenne,0.101,96.4,71.1,252.0,244.1
ANFR_3097729.jpg,antenne,0.101,95.2,391.5,252.7,580.1
ANFR_3097729.jpg,antenne,0.101,96.2,539.3,255.0,731.1
ANFR_3097731.jpg,antenne,0.101,756.7,88.3,916.8,271.7
ANFR_3097902.jpg,antenne,0.101,76.1,615.1,232.1,805.6
ANFR_3118421.jpg,antenne,0.101,759.6,233.5,914.0,424.2
ANFR_3118421.jpg,antenne,0.101,79.7,695.6,232.9,884.3
ANFR_3120599.jpg,antenne,0.101,96.0,126.9,255.7,320.9
ANFR_3120599.jpg,antenne,0.101,96.9,258.0,256.4,449.7
ANFR_3120599.jpg,antenne,0.101,762.4,410.7,921.4,602.7
ANFR_3120599.jpg,antenne,0.101,760.7,259.1,919.6,450.9
ANFR_3143567.jpg,antenne,0.101,83.3,70.3,219.0,220.2
ANFR_3143567.jpg,antenne,0.101,270.0,83.1,434.1,267.8
ANFR_3161562.jpg,antenne,0.101,97.2,517.4,255.3,707.2
ANFR_3182931.jpg,antenne,0.101,708.9,72.6,869.6,247.8
ANFR_3182931.jpg,antenne,0.101,98.2,461.9,256.8,653.3
ANFR_3244662.jpg,antenne,0.101,117.4,161.7,276.4,351.6
ANFR_3244662.jpg,antenne,0.101,98.5,85.1,256.8,270.2
ANFR_3244662.jpg,antenne,0.101,79.2,355.4,233.5,545.0
ANFR_3244662.jpg,antenne,0.101,115.8,260.8,273.1,450.8
ANFR_3244662.jpg,antenne,0.101,95.6,534.6,256.0,730.4
ANFR_3276112.jpg,antenne,0.101,101.0,433.0,258.3,623.8
ANFR_3300148.jpg,antenne,0.101,757.1,88.9,917.5,273.6
ANFR_435641.jpg,antenne,0.101,780.6,239.6,932.5,424.6
ANFR_437488.jpg,antenne,0.101,781.4,80.3,935.6,248.2
ANFR_462036.jpg,antenne,0.101,736.4,617.4,900.3,809.3
ANFR_462036.jpg,antenne,0.101,527.5,394.8,676.8,576.5
ANFR_508958.jpg,antenne,0.101,98.5,335.5,255.9,527.0
ANFR_508958.jpg,antenne,0.101,758.4,722.3,917.8,911.4
ANFR_508958.jpg,antenne,0.101,96.6,435.3,255.9,626.9
ANFR_531215.jpg,antenne,0.101,782.2,91.0,932.9,270.6
ANFR_587183.jpg,antenne,0.101,98.4,513.4,256.5,703.3
ANFR_601450.jpg,antenne,0.101,782.9,517.7,936.7,705.7
ANFR_601450.jpg,antenne,0.101,782.2,264.6,934.1,451.8
ANFR_601450.jpg,antenne,0.101,762.6,438.4,921.5,630.2
ANFR_601450.jpg,antenne,0.101,379.9,725.5,534.9,912.5
ANFR_601450.jpg,antenne,0.101,757.5,83.3,913.3,252.6
ANFR_601450.jpg,antenne,0.101,764.2,721.1,924.6,910.9
ANFR_650117.jpg,antenne,0.101,560.0,630.5,719.6,806.2
ANFR_650117.jpg,antenne,0.101,562.3,656.5,724.3,851.9
ANFR_650117.jpg,antenne,0.101,554.3,75.9,721.7,258.1
ANFR_650117.jpg,antenne,0.101,577.3,94.3,725.4,242.0
ANFR_683244.jpg,antenne,0.101,760.3,371.8,912.1,549.7
ANFR_683244.jpg,antenne,0.101,95.1,155.6,254.5,350.2
ANFR_690774.jpg,antenne,0.101,759.6,307.0,917.3,499.7
ANFR_690774.jpg,antenne,0.101,782.0,76.4,936.8,265.8
ANFR_814908.jpg,antenne,0.101,97.0,258.8,255.6,449.3
ANFR_814908.jpg,antenne,0.101,759.8,690.3,922.0,883.7
ANFR_816571.jpg,antenne,0.101,784.5,79.8,922.5,228.8
ANFR_851972.jpg,antenne,0.101,786.3,746.6,939.7,929.3
ANFR_953437.jpg,antenne,0.101,759.1,123.9,919.9,319.0
ANFR_1010485.jpg,antenne,0.1,783.6,75.0,927.0,228.7
ANFR_1212322.jpg,antenne,0.1,96.1,721.3,256.7,910.2
ANFR_1279490.jpg,antenne,0.1,477.9,116.9,638.7,312.3
ANFR_1511237.jpg,antenne,0.1,93.7,649.2,250.6,837.8
ANFR_1568341.jpg,antenne,0.1,780.2,76.4,923.6,229.9
ANFR_1568341.jpg,antenne,0.1,505.8,439.3,657.7,620.4
ANFR_1584204.jpg,antenne,0.1,81.6,98.8,236.8,289.1
ANFR_1596728.jpg,antenne,0.1,95.1,669.6,252.9,861.6
ANFR_1597519.jpg,antenne,0.1,449.4,98.1,607.2,271.4
ANFR_1679737.jpg,antenne,0.1,94.4,468.3,252.3,657.4
ANFR_1679737.jpg,antenne,0.1,77.0,490.4,231.8,679.1
ANFR_1710227.jpg,antenne,0.1,552.3,87.3,715.4,269.2
ANFR_1710227.jpg,antenne,0.1,731.5,79.9,894.4,250.3
ANFR_1831346.jpg,antenne,0.1,79.6,464.3,231.8,651.7
ANFR_1851458.jpg,antenne,0.1,811.2,643.0,964.4,826.7
ANFR_1950123.jpg,antenne,0.1,762.1,258.8,921.5,447.7
ANFR_1950123.jpg,antenne,0.1,92.8,152.8,252.6,346.1
ANFR_1950494.jpg,antenne,0.1,82.2,764.1,237.7,945.0
ANFR_1950494.jpg,antenne,0.1,762.1,565.0,921.7,756.2
ANFR_1950494.jpg,antenne,0.1,733.5,72.7,899.6,248.4
ANFR_2049015.jpg,antenne,0.1,79.2,643.3,233.4,831.7
ANFR_2368665.jpg,antenne,0.1,759.9,263.7,917.9,452.8
ANFR_2368665.jpg,antenne,0.1,704.6,100.6,870.5,274.1
ANFR_2368665.jpg,antenne,0.1,351.4,182.2,510.0,368.7
ANFR_2385920.jpg,antenne,0.1,762.2,434.4,924.5,627.0
ANFR_2385920.jpg,antenne,0.1,782.0,211.2,933.1,400.5
ANFR_2385920.jpg,antenne,0.1,82.2,231.5,234.2,420.5
ANFR_2385920.jpg,antenne,0.1,97.8,703.8,253.7,890.9
ANFR_2479993.jpg,antenne,0.1,628.3,81.0,782.0,247.3
ANFR_2532695.jpg,antenne,0.1,95.0,617.9,253.5,809.7
ANFR_2532695.jpg,antenne,0.1,781.8,289.8,934.4,477.1
ANFR_2543945.jpg,antenne,0.1,730.4,292.4,886.6,479.7
ANFR_2543945.jpg,antenne,0.1,126.3,405.0,286.6,599.6
ANFR_2543945.jpg,antenne,0.1,446.9,155.2,596.4,329.6
ANFR_2567246.jpg,antenne,0.1,97.1,747.0,256.0,931.8
ANFR_2636551.jpg,antenne,0.1,92.7,764.3,253.1,950.1
ANFR_2640050.jpg,antenne,0.1,781.8,592.2,934.2,778.3
ANFR_2640050.jpg,antenne,0.1,243.4,376.5,393.3,555.7
ANFR_2662883.jpg,antenne,0.1,782.1,235.1,934.3,424.8
ANFR_2690727.jpg,antenne,0.1,761.3,725.2,918.0,911.7
ANFR_2701364.jpg,antenne,0.1,98.9,621.9,254.5,809.5
ANFR_2713171.jpg,antenne,0.1,766.7,260.9,924.6,449.8
ANFR_2734984.jpg,antenne,0.1,86.0,97.0,236.7,286.5
ANFR_2755704.jpg,antenne,0.1,799.4,80.3,927.8,228.1
ANFR_2755704.jpg,antenne,0.1,729.2,754.2,877.7,915.1
ANFR_2828017.jpg,antenne,0.1,84.0,726.7,231.7,911.4
ANFR_2828017.jpg,antenne,0.1,705.4,82.0,872.0,267.4
ANFR_2876424.jpg,antenne,0.1,759.3,121.4,921.1,319.5
ANFR_2876424.jpg,antenne,0.1,780.3,77.5,922.0,229.2
ANFR_2876424.jpg,antenne,0.1,273.3,162.1,441.2,344.1
ANFR_2885698.jpg,antenne,0.1,98.0,82.0,258.6,266.8
ANFR_2885698.jpg,antenne,0.1,780.6,85.1,928.7,251.4
ANFR_2937855.jpg,antenne,0.1,95.2,84.1,253.1,269.7
ANFR_2970803.jpg,antenne,0.1,75.9,389.9,229.9,578.0
ANFR_3039108.jpg,antenne,0.1,94.0,726.9,250.2,914.4
ANFR_3062801.jpg,antenne,0.1,124.2,568.4,274.2,753.2
ANFR_3080386.jpg,antenne,0.1,101.3,148.4,260.3,343.3
ANFR_3080386.jpg,antenne,0.1,535.2,579.8,695.2,759.9
ANFR_3080386.jpg,antenne,0.1,759.5,258.7,921.0,450.7
ANFR_3091650.jpg,antenne,0.1,90.1,241.6,202.1,371.7
ANFR_3091650.jpg,antenne,0.1,781.6,75.4,924.1,230.1
ANFR_3097731.jpg,antenne,0.1,86.2,72.6,218.6,221.2
ANFR_3097902.jpg,antenne,0.1,77.3,694.7,232.0,885.2
ANFR_3097902.jpg,antenne,0.1,94.4,669.1,253.3,861.3
ANFR_3097902.jpg,antenne,0.1,96.0,124.3,256.7,319.6
ANFR_3118421.jpg,antenne,0.1,525.9,654.7,671.5,819.4
ANFR_3120599.jpg,antenne,0.1,759.0,120.7,922.6,318.2
ANFR_3143567.jpg,antenne,0.1,83.3,726.5,230.6,909.4
ANFR_3143567.jpg,antenne,0.1,781.6,75.8,923.8,230.1
ANFR_3143567.jpg,antenne,0.1,99.7,360.9,257.8,551.7
ANFR_3182931.jpg,antenne,0.1,97.5,180.9,256.5,372.3
ANFR_3182931.jpg,antenne,0.1,779.9,86.6,925.8,247.4
ANFR_3244662.jpg,antenne,0.1,167.9,92.7,329.5,273.0
ANFR_3276112.jpg,antenne,0.1,760.5,357.8,922.0,551.4
ANFR_3276112.jpg,antenne,0.1,759.2,85.9,919.7,272.2
ANFR_3276112.jpg,antenne,0.1,98.3,286.3,253.6,474.3
ANFR_3300148.jpg,antenne,0.1,96.8,587.6,255.6,779.9
ANFR_3300148.jpg,antenne,0.1,97.1,491.2,255.6,682.5
ANFR_437488.jpg,antenne,0.1,220.0,127.9,373.9,316.7
ANFR_450535.jpg,antenne,0.1,81.3,119.8,237.7,310.7
ANFR_462036.jpg,antenne,0.1,219.3,381.6,371.1,566.6
ANFR_601450.jpg,antenne,0.1,780.1,93.9,933.0,274.0
ANFR_650117.jpg,antenne,0.1,454.4,428.8,611.8,622.8
ANFR_690774.jpg,antenne,0.1,120.8,399.5,273.9,580.9
ANFR_690774.jpg,antenne,0.1,760.8,586.2,920.3,779.7
ANFR_771841.jpg,antenne,0.1,358.2,467.0,516.9,649.1
ANFR_814908.jpg,antenne,0.1,502.9,646.6,662.7,833.8
ANFR_851972.jpg,antenne,0.1,781.1,84.0,933.2,251.2
ANFR_851972.jpg,antenne,0.1,761.7,362.5,920.7,553.6
