id,sup_id,lat,lon,height_m,offset_m,split,class_id,class_name,xc,yc,w,h,r_iso_m,shadow_m,box_w_m,box_h_m,group,image,source
3,105408,50.180504,1.495859,10.39,13.298867751107997,train,0.0,site_radio,0.496355,0.489986,0.201019,0.213758,19.84,4.37,41.17,43.78,0.0,ANFR_105408.jpg,annotation_faible
4,105438,49.892376,2.009789,27.32,0.5141234501111818,train,0.0,site_radio,0.490416,0.473668,0.116611,0.150107,9.98,11.48,23.88,30.74,1.0,ANFR_105438.jpg,annotation_faible
5,105442,50.241285,1.743383,3.0700000000000003,7.527339577953045,train,0.0,site_radio,0.498923,0.497041,0.132372,0.136136,13.33,1.29,27.11,27.88,2.0,ANFR_105442.jpg,annotation_faible
6,105470,49.784987,2.156424,7.1200000000000045,34.27975905297138,train,0.0,site_radio,0.497502,0.493137,0.400423,0.409152,40.49,2.99,82.01,83.79,3.0,ANFR_105470.jpg,annotation_faible
7,1185884,49.864765,2.227125,25.32999999999999,29.207601305832693,train,0.0,site_radio,0.491114,0.475586,0.391538,0.422594,38.27,10.64,80.19,86.55,4.0,ANFR_1185884.jpg,annotation_faible
8,1193708,49.901646,2.335078,5.860000000000007,13.564632131030065,train,0.0,site_radio,0.497944,0.494352,0.196012,0.203197,19.65,2.46,40.14,41.61,5.0,ANFR_1193708.jpg,annotation_faible
9,1208432,49.741647,2.702204,25.52,2.55757474075427,train,0.0,site_radio,0.491047,0.475403,0.131788,0.163077,11.66,10.72,26.99,33.4,6.0,ANFR_1208432.jpg,annotation_faible
10,1208443,50.021792,1.535623,30.049999999999983,3.082357664578588,train,0.0,site_radio,0.489458,0.471037,0.148939,0.185782,13.09,12.62,30.5,38.05,7.0,ANFR_1208443.jpg,annotation_faible
13,1282638,50.115942,1.891877,30.03,0.2254492693714528,train,0.0,site_radio,0.489465,0.471056,0.120986,0.157805,10.23,12.62,24.78,32.32,8.0,ANFR_1282638.jpg,annotation_faible
14,1289160,49.892484,2.299415,15.950000000000005,2.752123473997792,train,0.0,site_radio,0.494405,0.484627,0.108282,0.127837,9.94,6.7,22.18,26.18,9.0,ANFR_1289160.jpg,annotation_faible
15,1402312,49.887022,2.328393,30.28,1.1123957659245776,train,0.0,site_radio,0.489378,0.470815,0.130311,0.167436,11.17,12.72,26.69,34.29,88.0,ANFR_1402312.jpg,annotation_faible
16,1411548,49.87528,2.208842,40.010000000000005,1.3924908998081698,val,0.0,site_radio,0.485964,0.461437,0.158877,0.207932,13.39,16.81,32.54,42.58,11.0,ANFR_1411548.jpg,annotation_faible
17,1412337,49.986529,3.193847,43.140000000000015,15.569615825805563,train,0.0,site_radio,0.484866,0.45842,0.305635,0.358527,28.2,18.12,62.59,73.43,12.0,ANFR_1412337.jpg,annotation_faible
18,1415008,50.235279,1.713635,26.47,18.13335347933612,train,0.0,site_radio,0.490714,0.474487,0.286417,0.318871,27.43,11.12,58.66,65.3,13.0,ANFR_1415008.jpg,annotation_faible
19,1419079,49.850525,1.895659,35.29000000000002,8.19795395835094,train,0.0,site_radio,0.48762,0.465986,0.212806,0.256074,19.26,14.83,43.58,52.44,14.0,ANFR_1419079.jpg,annotation_faible
20,1422987,50.158205,1.564849,33.31,3.4859909773577216,train,0.0,site_radio,0.488315,0.467895,0.161535,0.202375,14.15,13.99,33.08,41.45,15.0,ANFR_1422987.jpg,annotation_faible
21,1429406,49.879103,2.710271,42.60999999999999,1.6466080734668571,train,0.0,site_radio,0.485052,0.458931,0.168261,0.220504,14.17,17.9,34.46,45.16,16.0,ANFR_1429406.jpg,annotation_faible
22,1445381,50.279665,1.731735,35.129999999999995,0.4366431724381448,val,0.0,site_radio,0.487676,0.46614,0.136588,0.179659,11.46,14.76,27.97,36.79,17.0,ANFR_1445381.jpg,annotation_faible
24,1459014,49.934389,2.936946,19.86,6.170692866606204,train,0.0,site_radio,0.493033,0.480858,0.152046,0.176396,14.14,8.34,31.14,36.13,18.0,ANFR_1459014.jpg,annotation_faible
25,1484712,50.337448,1.77556,40.02,5.807910205024804,train,0.0,site_radio,0.485961,0.461427,0.202023,0.25109,17.81,16.81,41.37,51.42,19.0,ANFR_1484712.jpg,annotation_faible
26,1498704,49.941878,2.213,12.200000000000005,0.8347794036359847,train,0.0,site_radio,0.49572,0.488241,0.082337,0.097295,7.55,5.13,16.86,19.93,67.0,ANFR_1498704.jpg,annotation_faible
27,1499221,49.851541,2.659665,10.010000000000003,0.5482365907570101,val,0.0,site_radio,0.496488,0.490352,0.075863,0.088136,7.05,4.21,15.54,18.05,21.0,ANFR_1499221.jpg,annotation_faible
28,1501778,49.88469,2.837274,30.08,5.149514378323924,train,0.0,site_radio,0.489448,0.471008,0.169205,0.206085,15.17,12.64,34.65,42.21,22.0,ANFR_1501778.jpg,annotation_faible
29,1505766,50.061968,2.197074,24.97,10.919335703234523,train,0.0,site_radio,0.49124,0.475933,0.211986,0.2426,19.91,10.49,43.41,49.68,23.0,ANFR_1505766.jpg,annotation_faible
32,1518675,50.020771,2.3789,30.66,24.02517901956784,train,0.0,site_radio,0.489244,0.470449,0.355078,0.392669,34.16,12.88,72.72,80.42,24.0,ANFR_1518675.jpg,annotation_faible
33,1532430,49.888917,2.288351,25.45,3.373152318838536,train,0.0,site_radio,0.491072,0.47547,0.139567,0.17077,12.46,10.69,28.58,34.97,25.0,ANFR_1532430.jpg,annotation_faible
34,1536781,50.011297,1.98408,11.5,22.95689050805093,train,0.0,site_radio,0.495966,0.488916,0.297198,0.311298,29.61,4.83,60.87,63.75,26.0,ANFR_1536781.jpg,annotation_faible
35,1541730,49.865579,2.229221,6.450000000000003,37.08393544155167,train,0.0,site_radio,0.497737,0.493783,0.426683,0.434591,43.23,2.71,87.38,89.0,4.0,ANFR_1541730.jpg,annotation_faible
36,1567073,49.770412,2.618453,42.85,1.49043914948996,train,0.0,site_radio,0.484968,0.4587,0.167373,0.21991,14.06,18.0,34.28,45.04,28.0,ANFR_1567073.jpg,annotation_faible
39,1568661,50.033924,2.026792,24.51,28.47373314498821,train,0.0,site_radio,0.491402,0.476376,0.382194,0.412245,37.38,10.3,78.27,84.43,29.0,ANFR_1568661.jpg,annotation_faible
40,1568671,50.171627,2.063816,4.600000000000023,36.516954577148034,train,0.0,site_radio,0.498386,0.495566,0.418041,0.423681,42.48,1.93,85.61,86.77,30.0,ANFR_1568671.jpg,annotation_faible
41,1568728,49.884679,2.091759,30.120000000000005,8.213170989068544,val,0.0,site_radio,0.489434,0.470969,0.19923,0.236159,18.24,12.65,40.8,48.37,31.0,ANFR_1568728.jpg,annotation_faible
42,1568743,50.124897,2.16076,30.97,0.682004273665469,train,0.0,site_radio,0.489135,0.47015,0.12794,0.165911,10.88,13.01,26.2,33.98,32.0,ANFR_1568743.jpg,annotation_faible
43,1568754,50.080661,2.126203,14.61,0.3124655104532732,train,0.0,site_radio,0.494875,0.485918,0.081281,0.099193,7.27,6.14,16.65,20.31,33.0,ANFR_1568754.jpg,annotation_faible
44,1570162,50.190931,1.874484,2.0600000000000023,13.261170033609565,val,0.0,site_radio,0.499277,0.498014,0.186672,0.189197,18.97,0.87,38.23,38.75,34.0,ANFR_1570162.jpg,annotation_faible
45,1576628,49.963962,2.138364,39.35000000000001,23.560365773604243,train,0.0,site_radio,0.486196,0.462073,0.373608,0.421854,35.43,16.53,76.51,86.4,35.0,ANFR_1576628.jpg,annotation_faible
46,1582776,49.928845,2.20026,10.759999999999998,32.07689588194748,train,0.0,site_radio,0.496225,0.489629,0.385019,0.398211,38.65,4.52,78.85,81.55,36.0,ANFR_1582776.jpg,annotation_faible
47,1582793,49.865392,2.231477,8.990000000000002,22.78784921174314,train,0.0,site_radio,0.496846,0.491335,0.291335,0.302358,29.19,3.78,59.67,61.92,4.0,ANFR_1582793.jpg,annotation_faible
48,1582797,50.032505,2.237001,14.25,0.5362847931658559,train,0.0,site_radio,0.495001,0.486265,0.082862,0.100333,7.46,5.99,16.97,20.55,38.0,ANFR_1582797.jpg,annotation_faible
50,1586021,49.810535,1.853295,37.79999999999998,3.5766011201991303,train,0.0,site_radio,0.486739,0.463567,0.174339,0.220684,15.14,15.88,35.7,45.2,39.0,ANFR_1586021.jpg,annotation_faible
51,1587783,50.184495,1.622201,35.19,19.192326533562262,train,0.0,site_radio,0.487655,0.466083,0.319908,0.363053,30.23,14.78,65.52,74.35,40.0,ANFR_1587783.jpg,annotation_faible
52,1588901,50.069494,2.331777,20.850000000000023,9.658097077716857,train,0.0,site_radio,0.492686,0.479904,0.188731,0.214295,17.83,8.76,38.65,43.89,41.0,ANFR_1588901.jpg,annotation_faible
53,1592029,49.896004,2.283607,14.78,11.884398388385248,train,0.0,site_radio,0.494815,0.485754,0.194573,0.212694,18.86,6.21,39.85,43.56,42.0,ANFR_1592029.jpg,annotation_faible
54,1595236,49.905329,2.219149,13.329999999999998,1.063414478144611,train,0.0,site_radio,0.495324,0.487152,0.086466,0.102809,7.9,5.6,17.71,21.06,43.0,ANFR_1595236.jpg,annotation_faible
55,1596626,49.891798,2.361149,7.660000000000004,7.4612093801695005,train,0.0,site_radio,0.497313,0.492617,0.139429,0.148821,13.73,3.22,28.56,30.48,44.0,ANFR_1596626.jpg,annotation_faible
57,1596751,49.825186,2.461045,15.099999999999994,0.3378071088185315,val,0.0,site_radio,0.494703,0.485446,0.082448,0.100961,7.36,6.34,16.89,20.68,379.0,ANFR_1596751.jpg,annotation_faible
59,1597179,49.978108,2.363466,2.259999999999991,20.45827293281523,train,0.0,site_radio,0.499207,0.497822,0.257291,0.260062,26.18,0.95,52.69,53.26,156.0,ANFR_1597179.jpg,annotation_faible
60,1597225,49.909469,2.308886,14.799999999999995,2.7070601718148204,train,0.0,site_radio,0.494808,0.485735,0.104984,0.12313,9.69,6.22,21.5,25.22,47.0,ANFR_1597225.jpg,annotation_faible
61,1597232,49.866019,2.35049,14.259999999999998,11.348313983406465,train,0.0,site_radio,0.494997,0.486256,0.188465,0.205949,18.27,5.99,38.6,42.18,48.0,ANFR_1597232.jpg,annotation_faible
62,1597237,49.885022,2.295258,14.450000000000005,2.8609088998060264,train,0.0,site_radio,0.494931,0.486073,0.105899,0.123616,9.81,6.07,21.69,25.32,49.0,ANFR_1597237.jpg,annotation_faible
63,1597246,49.876117,2.312538,14.740000000000002,2.774542170559585,train,0.0,site_radio,0.494829,0.485793,0.105542,0.123615,9.75,6.19,21.62,25.32,50.0,ANFR_1597246.jpg,annotation_faible
64,1597262,49.871913,2.331762,6.310000000000002,17.475814509331443,train,0.0,site_radio,0.497786,0.493918,0.234962,0.242699,23.61,2.65,48.12,49.7,51.0,ANFR_1597262.jpg,annotation_faible
65,1597267,49.884983,2.330931,9.310000000000002,13.0625852947624,val,0.0,site_radio,0.496734,0.491027,0.196899,0.208314,19.49,3.91,40.32,42.66,52.0,ANFR_1597267.jpg,annotation_faible
66,1597272,49.887464,2.307486,12.979999999999997,4.081226952612294,train,0.0,site_radio,0.495447,0.487489,0.115349,0.131264,10.88,5.45,23.62,26.88,53.0,ANFR_1597272.jpg,annotation_faible
68,1597686,49.954886,2.477638,42.05999999999999,0.9288414752614966,train,0.0,site_radio,0.485245,0.459461,0.159792,0.21136,13.34,17.67,32.73,43.29,54.0,ANFR_1597686.jpg,annotation_faible
69,1597728,49.834216,2.573807,31.200000000000003,1.4287088900349108,val,0.0,site_radio,0.489055,0.469928,0.135843,0.174096,11.67,13.11,27.82,35.65,55.0,ANFR_1597728.jpg,annotation_faible
70,1601292,49.812627,2.379723,24.05000000000001,14.159917897980948,val,0.0,site_radio,0.491563,0.47682,0.241189,0.270676,22.97,10.1,49.4,55.43,56.0,ANFR_1601292.jpg,annotation_faible
71,1603408,49.91552,2.513082,8.269999999999996,18.48909339425977,train,0.0,site_radio,0.497099,0.492029,0.248147,0.258287,24.82,3.47,50.82,52.9,57.0,ANFR_1603408.jpg,annotation_faible
72,1603428,49.902879,2.326579,10.840000000000003,32.792596922031755,train,0.0,site_radio,0.496197,0.489552,0.392143,0.405433,39.38,4.55,80.31,83.03,58.0,ANFR_1603428.jpg,annotation_faible
73,1609932,49.876207,2.413972,25.61,0.8350589785608811,train,0.0,site_radio,0.491016,0.475316,0.115205,0.146605,9.96,10.76,23.59,30.02,59.0,ANFR_1609932.jpg,annotation_faible
74,1613237,49.89204,1.706917,31.760000000000005,0.4666631932342048,train,0.0,site_radio,0.488858,0.469389,0.127934,0.166874,10.82,13.34,26.2,34.18,60.0,ANFR_1613237.jpg,annotation_faible
75,1618812,49.898077,2.457835,6.039999999999999,34.05502440256418,train,0.0,site_radio,0.497881,0.494178,0.396416,0.403821,40.16,2.54,81.19,82.7,61.0,ANFR_1618812.jpg,annotation_faible
76,1623313,49.925296,2.304262,6.140000000000001,23.57499814513164,train,0.0,site_radio,0.497846,0.494082,0.29424,0.301768,29.69,2.58,60.26,61.8,62.0,ANFR_1623313.jpg,annotation_faible
77,1628010,49.967751,2.566303,12.459999999999994,6.874067425741478,train,0.0,site_radio,0.495629,0.487991,0.141751,0.157027,13.62,5.23,29.03,32.16,63.0,ANFR_1628010.jpg,annotation_faible
78,1629678,50.00217,2.656168,23.96,7.106165326036208,train,0.0,site_radio,0.491595,0.476906,0.172066,0.201443,15.9,10.07,35.24,41.26,64.0,ANFR_1629678.jpg,annotation_faible
79,1632824,49.961316,2.327629,27.099999999999994,12.297039799159723,train,0.0,site_radio,0.490493,0.47388,0.231094,0.26432,21.72,11.39,47.33,54.13,65.0,ANFR_1632824.jpg,annotation_faible
80,1634367,49.91038,2.317925,48.00000000000001,15.560017599556254,train,0.0,site_radio,0.483161,0.453736,0.318443,0.377294,29.16,20.17,65.22,77.27,66.0,ANFR_1634367.jpg,annotation_faible
81,1637044,49.941878,2.213,12.200000000000005,0.8347794036359847,train,0.0,site_radio,0.49572,0.488241,0.082337,0.097295,7.55,5.13,16.86,19.93,67.0,ANFR_1637044.jpg,annotation_faible
82,1637416,49.875377,2.355824,8.260000000000002,29.62526068884939,train,0.0,site_radio,0.497102,0.492039,0.356882,0.367009,35.95,3.47,73.09,75.16,68.0,ANFR_1637416.jpg,annotation_faible
83,1640108,49.652283,2.617677,24.99000000000001,9.916769978571358,val,0.0,site_radio,0.491233,0.475914,0.202248,0.232887,18.91,10.5,41.42,47.7,69.0,ANFR_1640108.jpg,annotation_faible
84,1640634,49.718775,2.528081,7.340000000000003,12.75839885052502,train,0.0,site_radio,0.497425,0.492925,0.190623,0.199622,18.99,3.08,39.04,40.88,70.0,ANFR_1640634.jpg,annotation_faible
85,1642091,49.651601,2.570804,3.549999999999997,23.350872292589028,train,0.0,site_radio,0.498755,0.496578,0.287704,0.292057,29.21,1.49,58.92,59.81,71.0,ANFR_1642091.jpg,annotation_faible
86,1644595,50.074823,2.472837,44.96000000000001,12.032625308514078,train,0.0,site_radio,0.484228,0.456666,0.275926,0.331049,25.02,18.89,56.51,67.8,115.0,ANFR_1644595.jpg,annotation_faible
87,1645462,49.791162,2.198449,19.82,0.7129339019425799,val,0.0,site_radio,0.493047,0.480897,0.098642,0.122942,8.68,8.33,20.2,25.18,73.0,ANFR_1645462.jpg,annotation_faible
88,1651219,49.98882,3.005356,58.21000000000001,1.0853738653017817,train,0.0,site_radio,0.479579,0.443895,0.204194,0.275563,16.73,24.46,41.82,56.44,74.0,ANFR_1651219.jpg,annotation_faible
89,1651248,49.774989,1.851223,35.05000000000001,8.183872865585194,train,0.0,site_radio,0.487704,0.466217,0.212032,0.255005,19.19,14.73,43.42,52.23,75.0,ANFR_1651248.jpg,annotation_faible
90,1655139,50.194786,2.417069,40.0,11.394358833517243,train,0.0,site_radio,0.485968,0.461446,0.256525,0.305568,23.39,16.8,52.54,62.58,76.0,ANFR_1655139.jpg,annotation_faible
91,1656523,49.886697,2.270478,26.4,6.552744204092124,val,0.0,site_radio,0.490739,0.474555,0.173139,0.205507,15.83,11.09,35.46,42.09,77.0,ANFR_1656523.jpg,annotation_faible
92,1660090,49.898592,1.71371,30.53,1.7107960441820245,train,0.0,site_radio,0.48929,0.470574,0.136819,0.17425,11.82,12.83,28.02,35.69,78.0,ANFR_1660090.jpg,annotation_faible
93,1669319,49.777442,2.258026,30.180000000000007,24.549471625020907,train,0.0,site_radio,0.489413,0.470911,0.358924,0.395926,34.59,12.68,73.51,81.09,79.0,ANFR_1669319.jpg,annotation_faible
95,1679243,49.871377,2.710197,35.57000000000001,0.7460017650723247,val,0.0,site_radio,0.487522,0.465716,0.140777,0.184388,11.86,14.94,28.83,37.76,80.0,ANFR_1679243.jpg,annotation_faible
98,1682104,49.869481,1.815869,44.47,4.775352226245188,train,0.0,site_radio,0.4844,0.457138,0.203753,0.258276,17.67,18.68,41.73,52.89,81.0,ANFR_1682104.jpg,annotation_faible
99,1682143,50.046898,1.518895,14.329999999999998,5.218298216815155,train,0.0,site_radio,0.494973,0.486188,0.128719,0.146289,12.15,6.02,26.36,29.96,82.0,ANFR_1682143.jpg,annotation_faible
100,1685115,50.067647,1.634863,35.46000000000001,0.3107232680863511,train,0.0,site_radio,0.48756,0.465822,0.136234,0.17971,11.4,14.9,27.9,36.8,83.0,ANFR_1685115.jpg,annotation_faible
101,1685119,49.80942,2.104392,6.640000000000001,29.99392027000821,train,0.0,site_radio,0.497671,0.4936,0.357763,0.365904,36.16,2.79,73.27,74.94,84.0,ANFR_1685119.jpg,annotation_faible
102,1685137,50.217709,1.628464,15.3,13.021541208682208,train,0.0,site_radio,0.494633,0.485253,0.206844,0.225602,20.08,6.43,42.36,46.2,85.0,ANFR_1685137.jpg,annotation_faible
103,1685692,50.074799,1.542037,36.27000000000001,10.808871820369308,train,0.0,site_radio,0.487276,0.465042,0.240905,0.285375,22.06,15.24,49.34,58.44,86.0,ANFR_1685692.jpg,annotation_faible
104,1688610,49.878669,3.042053,25.75,0.8554891568290477,val,0.0,site_radio,0.490967,0.475181,0.115776,0.147347,10.01,10.82,23.71,30.18,87.0,ANFR_1688610.jpg,annotation_faible
106,1716847,49.886145,2.327213,13.990000000000002,3.7778830235384784,train,0.0,site_radio,0.495092,0.486516,0.114082,0.131235,10.68,5.88,23.36,26.88,88.0,ANFR_1716847.jpg,annotation_faible
107,1721551,49.873585,2.942237,41.8,2.1096403658640788,train,0.0,site_radio,0.485336,0.459712,0.170633,0.221882,14.47,17.56,34.95,45.44,89.0,ANFR_1721551.jpg,annotation_faible
108,1721679,49.756796,2.90808,13.579999999999998,16.670413920164616,val,0.0,site_radio,0.495236,0.486911,0.239298,0.255947,23.53,5.71,49.01,52.42,90.0,ANFR_1721679.jpg,annotation_faible
109,1725652,50.342591,1.566044,35.05,1.556060583533719,train,0.0,site_radio,0.487704,0.466217,0.147307,0.19028,12.57,14.73,30.17,38.97,91.0,ANFR_1725652.jpg,annotation_faible
112,1738570,49.64667,2.756547,4.319999999999993,0.3270399098359748,train,0.0,site_radio,0.498485,0.495836,0.064154,0.069451,6.26,1.81,13.14,14.22,92.0,ANFR_1738570.jpg,annotation_faible
113,1749553,49.923219,2.865953,31.36,1.2145659690970083,train,0.0,site_radio,0.488999,0.469774,0.134176,0.172625,11.49,13.18,27.48,35.35,93.0,ANFR_1749553.jpg,annotation_faible
114,1750325,49.9108,2.926533,10.079999999999998,29.842290666834625,train,0.0,site_radio,0.496464,0.490285,0.362056,0.374414,36.35,4.23,74.15,76.68,94.0,ANFR_1750325.jpg,annotation_faible
115,1752599,49.722755,3.098466,40.97,9.920641540478249,train,0.0,site_radio,0.485627,0.460512,0.244709,0.29494,22.11,17.21,50.12,60.4,95.0,ANFR_1752599.jpg,annotation_faible
116,1753316,49.895924,2.286206,14.91,12.144958657781467,train,0.0,site_radio,0.494769,0.485629,0.197336,0.215616,19.14,6.26,40.41,44.16,42.0,ANFR_1753316.jpg,annotation_faible
117,1770458,50.069025,2.059654,24.349999999999994,21.773829254577297,val,0.0,site_radio,0.491458,0.476531,0.316341,0.346195,30.64,10.23,64.79,70.9,97.0,ANFR_1770458.jpg,annotation_faible
118,1787006,49.897487,2.298566,15.04,3.5587878666465227,train,0.0,site_radio,0.494724,0.485504,0.113744,0.132184,10.57,6.32,23.29,27.07,98.0,ANFR_1787006.jpg,annotation_faible
120,1795210,50.219593,1.630718,36.080000000000005,18.507644372528485,train,0.0,site_radio,0.487343,0.465225,0.315584,0.35982,29.72,15.16,64.63,73.69,99.0,ANFR_1795210.jpg,annotation_faible
121,1809321,50.058809,2.14084,25.629999999999995,0.8511520611074105,train,0.0,site_radio,0.491009,0.475297,0.115416,0.146839,9.98,10.77,23.64,30.07,100.0,ANFR_1809321.jpg,annotation_faible
122,1812320,50.024599,2.737271,25.599999999999994,0.6896175403159903,train,0.0,site_radio,0.491019,0.475326,0.113758,0.145146,9.81,10.76,23.3,29.73,101.0,ANFR_1812320.jpg,annotation_faible
124,1831447,49.814481,2.70144,14.939999999999998,5.475510356905839,val,0.0,site_radio,0.494759,0.4856,0.132255,0.150572,12.47,6.28,27.09,30.84,102.0,ANFR_1831447.jpg,annotation_faible
125,1843863,49.70754,2.276706,25.889999999999983,5.242249400085009,val,0.0,site_radio,0.490918,0.475046,0.158988,0.19073,14.42,10.88,32.56,39.06,103.0,ANFR_1843863.jpg,annotation_faible
126,1848241,49.964362,1.833163,40.06,3.09881350466273,train,0.0,site_radio,0.485947,0.461389,0.175673,0.224789,15.11,16.83,35.98,46.04,104.0,ANFR_1848241.jpg,annotation_faible
128,1859174,50.303572,1.756415,35.0,18.5118128483202,val,0.0,site_radio,0.487722,0.466266,0.312758,0.35567,29.51,14.7,64.05,72.84,105.0,ANFR_1859174.jpg,annotation_faible
129,1859215,50.259594,1.93606,44.77,1.3070993132488795,val,0.0,site_radio,0.484294,0.456849,0.17068,0.225571,14.26,18.81,34.96,46.2,106.0,ANFR_1859215.jpg,annotation_faible
130,1878381,49.88729,2.04251,23.47,20.72350311064136,train,0.0,site_radio,0.491767,0.477379,0.303747,0.332523,29.42,9.86,62.21,68.1,107.0,ANFR_1878381.jpg,annotation_faible
131,1881032,49.840386,2.135952,24.92,0.5862328937520271,train,0.0,site_radio,0.491258,0.475981,0.110944,0.141497,9.57,10.47,22.72,28.98,108.0,ANFR_1881032.jpg,annotation_faible
132,1906289,49.861601,2.472909,14.370000000000005,29.89246369372744,val,0.0,site_radio,0.494959,0.48615,0.369745,0.387363,36.83,6.04,75.72,79.33,422.0,ANFR_1906289.jpg,annotation_faible
133,1906761,49.843926,1.779493,16.53,5.421617493729364,train,0.0,site_radio,0.494201,0.484068,0.135891,0.156158,12.73,6.94,27.83,31.98,110.0,ANFR_1906761.jpg,annotation_faible
134,1914500,49.891393,2.839655,15.22,0.4580286161645913,val,0.0,site_radio,0.494661,0.48533,0.083941,0.102601,7.5,6.39,17.19,21.01,111.0,ANFR_1914500.jpg,annotation_faible
135,1916165,49.876987,1.96547,24.98999999999998,0.3292405198468072,train,0.0,site_radio,0.491233,0.475914,0.10862,0.139259,9.33,10.5,22.25,28.52,112.0,ANFR_1916165.jpg,annotation_faible
136,1916347,49.730507,2.248489,39.06,12.447231309310949,train,0.0,site_radio,0.486297,0.462353,0.264312,0.312202,24.26,16.41,54.13,63.94,113.0,ANFR_1916347.jpg,annotation_faible
137,1922304,49.939097,2.42267,5.25,28.76719726176702,train,0.0,site_radio,0.498158,0.49494,0.343451,0.349888,34.79,2.21,70.34,71.66,114.0,ANFR_1922304.jpg,annotation_faible
138,1930679,50.074891,2.471096,10.689999999999998,24.24743788916308,train,0.0,site_radio,0.49625,0.489697,0.308442,0.321549,30.82,4.49,63.17,65.85,115.0,ANFR_1930679.jpg,annotation_faible
139,1942314,49.761079,2.339365,26.340000000000003,0.6923600390056966,train,0.0,site_radio,0.49076,0.474613,0.11575,0.148044,9.96,11.07,23.71,30.32,116.0,ANFR_1942314.jpg,annotation_faible
140,1942316,49.815546,2.247579,2.780000000000001,33.087979580874794,train,0.0,site_radio,0.499025,0.497321,0.381501,0.38491,38.87,1.17,78.13,78.83,334.0,ANFR_1942316.jpg,annotation_faible
143,1960586,49.974701,2.208969,23.64,14.393978315222189,val,0.0,site_radio,0.491707,0.477215,0.242387,0.271371,23.12,9.93,49.64,55.58,118.0,ANFR_1960586.jpg,annotation_faible
144,1969595,49.885334,2.300455,45.040000000000006,9.571799798399876,train,0.0,site_radio,0.4842,0.456589,0.252107,0.307328,22.58,18.92,51.63,62.94,119.0,ANFR_1969595.jpg,annotation_faible
145,1987717,49.918378,2.994463,14.160000000000004,0.4413553559546864,train,0.0,site_radio,0.495033,0.486352,0.081784,0.099145,7.36,5.95,16.75,20.3,120.0,ANFR_1987717.jpg,annotation_faible
146,2004878,49.888631,2.946476,10.629999999999995,12.388201666488351,val,0.0,site_radio,0.496271,0.489754,0.192529,0.205562,18.95,4.47,39.43,42.1,121.0,ANFR_2004878.jpg,annotation_faible
147,2007971,49.9566,3.086567,5.009999999999991,35.854950518286934,train,0.0,site_radio,0.498242,0.495171,0.412265,0.418407,41.86,2.1,84.43,85.69,343.0,ANFR_2007971.jpg,annotation_faible
148,2007978,49.855186,2.17483,21.83999999999999,15.94506928245067,train,0.0,site_radio,0.492338,0.47895,0.252756,0.279533,24.31,9.18,51.76,57.25,123.0,ANFR_2007978.jpg,annotation_faible
149,2008310,50.317184,1.703868,30.01,21.741652158765564,train,0.0,site_radio,0.489472,0.471075,0.331052,0.367846,31.74,12.61,67.8,75.33,167.0,ANFR_2008310.jpg,annotation_faible
150,2008833,49.845914,2.67282,10.680000000000009,24.27366536170959,train,0.0,site_radio,0.496253,0.489706,0.308681,0.321776,30.84,4.49,63.22,65.9,125.0,ANFR_2008833.jpg,annotation_faible
151,2008973,49.940013,2.707877,12.180000000000009,12.937976825729075,train,0.0,site_radio,0.495727,0.48826,0.200499,0.215432,19.66,5.12,41.06,44.12,126.0,ANFR_2008973.jpg,annotation_faible
152,2014207,50.013807,1.983985,20.97,0.8211217072031594,train,0.0,site_radio,0.492644,0.479788,0.102751,0.128462,9.02,8.81,21.04,26.31,127.0,ANFR_2014207.jpg,annotation_faible
153,2033289,50.215321,2.043793,29.999999999999982,0.3417890959351888,val,0.0,site_radio,0.489476,0.471085,0.122043,0.158824,10.34,12.6,24.99,32.53,128.0,ANFR_2033289.jpg,annotation_faible
155,2070446,50.011019,2.202859,24.91,11.79114472739953,train,0.0,site_radio,0.491261,0.475991,0.22034,0.250881,20.77,10.47,45.13,51.38,129.0,ANFR_2070446.jpg,annotation_faible
157,2104922,49.915681,3.013955,2.519999999999996,28.390928254280915,train,0.0,site_radio,0.499116,0.497571,0.335195,0.338285,34.14,1.06,68.65,69.28,130.0,ANFR_2104922.jpg,annotation_faible
158,2112204,49.93158,2.936774,21.17,15.533297773338717,val,0.0,site_radio,0.492573,0.479596,0.246956,0.272911,23.77,8.89,50.58,55.89,131.0,ANFR_2112204.jpg,annotation_faible
159,2113192,49.843146,1.775275,21.870000000000005,2.1568333258385626,train,0.0,site_radio,0.492328,0.478921,0.118185,0.144998,10.53,9.19,24.2,29.7,132.0,ANFR_2113192.jpg,annotation_faible
160,2124640,50.036813,3.027797,28.84999999999998,0.6883282104461356,train,0.0,site_radio,0.489879,0.472193,0.122374,0.157746,10.46,12.12,25.06,32.31,133.0,ANFR_2124640.jpg,annotation_faible
161,2135269,50.027719,2.093665,17.900000000000002,1.2620774937683066,train,0.0,site_radio,0.493721,0.482747,0.098907,0.120854,8.84,7.52,20.26,24.75,134.0,ANFR_2135269.jpg,annotation_faible
162,2165615,50.031011,1.625863,34.93999999999998,11.356807140833189,train,0.0,site_radio,0.487743,0.466324,0.242725,0.285564,22.34,14.68,49.71,58.48,135.0,ANFR_2165615.jpg,annotation_faible
163,2174602,50.003024,2.266906,24.039999999999992,0.2921154973550768,train,0.0,site_radio,0.491567,0.476829,0.105735,0.13521,9.1,10.1,21.65,27.69,136.0,ANFR_2174602.jpg,annotation_faible
164,2179604,49.961205,2.253407,22.250000000000007,17.99317300479629,train,0.0,site_radio,0.492195,0.478555,0.273845,0.301125,26.44,9.35,56.08,61.67,137.0,ANFR_2179604.jpg,annotation_faible
165,2191856,49.97063,2.624865,28.11,1.2896794865337575,train,0.0,site_radio,0.490139,0.472907,0.126282,0.160746,10.91,11.81,25.86,32.92,138.0,ANFR_2191856.jpg,annotation_faible
166,2193042,49.874571,2.772048,17.620000000000005,18.392227062511395,train,0.0,site_radio,0.493819,0.483017,0.265451,0.287054,25.92,7.4,54.36,58.79,139.0,ANFR_2193042.jpg,annotation_faible
167,2198833,49.875285,2.242461,3.3200000000000003,13.830454500863048,train,0.0,site_radio,0.498835,0.4968,0.194346,0.198416,19.66,1.39,39.8,40.64,140.0,ANFR_2198833.jpg,annotation_faible
168,2199085,49.818292,1.773116,16.100000000000023,6.31558662840119,train,0.0,site_radio,0.494352,0.484482,0.143479,0.163219,13.54,6.76,29.38,33.43,141.0,ANFR_2199085.jpg,annotation_faible
169,2201940,49.987075,2.129798,10.549999999999995,15.555925768903668,train,0.0,site_radio,0.496299,0.489832,0.223329,0.236264,22.11,4.43,45.74,48.39,200.0,ANFR_2201940.jpg,annotation_faible
170,2204125,49.907397,2.287439,5.760000000000005,3.059315743949308,train,0.0,site_radio,0.497979,0.494448,0.093253,0.100315,9.14,2.42,19.1,20.54,143.0,ANFR_2204125.jpg,annotation_faible
171,2206256,49.855556,2.100069,28.02000000000001,4.962006590871268,train,0.0,site_radio,0.49017,0.472993,0.161905,0.19626,14.57,11.77,33.16,40.19,144.0,ANFR_2206256.jpg,annotation_faible
172,2206260,50.037849,1.530598,30.070000000000007,8.485895268892467,train,0.0,site_radio,0.489451,0.471017,0.201761,0.238628,18.5,12.63,41.32,48.87,145.0,ANFR_2206260.jpg,annotation_faible
173,2222382,49.835225,2.238827,10.460000000000008,0.6919414682321021,train,0.0,site_radio,0.496331,0.489918,0.078022,0.090847,7.24,4.39,15.98,18.61,146.0,ANFR_2222382.jpg,annotation_faible
174,2223180,50.049321,2.044001,41.93000000000001,1.233574137263372,train,0.0,site_radio,0.485291,0.459586,0.162422,0.213831,13.62,17.62,33.26,43.79,147.0,ANFR_2223180.jpg,annotation_faible
175,2228245,49.76678,2.794602,15.879999999999995,20.292455296362565,train,0.0,site_radio,0.494429,0.484694,0.279388,0.298858,27.47,6.67,57.22,61.21,148.0,ANFR_2228245.jpg,annotation_faible
176,2248405,49.860205,2.983328,36.040000000000006,0.6261484394607637,val,0.0,site_radio,0.487357,0.465263,0.140854,0.185041,11.83,15.14,28.85,37.9,149.0,ANFR_2248405.jpg,annotation_faible
177,2250761,49.953772,2.626683,10.490000000000007,0.8547328934511971,train,0.0,site_radio,0.49632,0.489889,0.079662,0.092523,7.4,4.41,16.31,18.95,150.0,ANFR_2250761.jpg,annotation_faible
178,2254427,50.015921,2.153476,29.180000000000007,0.4257474697950518,train,0.0,site_radio,0.489763,0.471875,0.120686,0.156462,10.26,12.26,24.72,32.04,151.0,ANFR_2254427.jpg,annotation_faible
179,2254864,49.931567,2.690187,6.530000000000001,1.8862451391505703,train,0.0,site_radio,0.497709,0.493706,0.08309,0.091096,8.04,2.74,17.02,18.66,152.0,ANFR_2254864.jpg,annotation_faible
181,2263019,50.085887,2.245228,37.24000000000001,1.8487545190114945,train,0.0,site_radio,0.486936,0.464107,0.155979,0.201638,13.3,15.65,31.94,41.3,153.0,ANFR_2263019.jpg,annotation_faible
182,2271646,50.058667,2.216282,13.420000000000002,0.3599836045550422,train,0.0,site_radio,0.495292,0.487065,0.079748,0.096201,7.2,5.64,16.33,19.7,154.0,ANFR_2271646.jpg,annotation_faible
183,2286886,50.198862,1.785594,35.81999999999999,0.5427439508222668,train,0.0,site_radio,0.487434,0.465475,0.139456,0.183373,11.71,15.05,28.56,37.55,155.0,ANFR_2286886.jpg,annotation_faible
184,2293272,49.978341,2.362539,36.19999999999999,2.9078576132409983,train,0.0,site_radio,0.487301,0.465109,0.163561,0.207945,14.15,15.21,33.5,42.59,156.0,ANFR_2293272.jpg,annotation_faible
185,2300806,49.949424,2.76164,41.86,2.960419299038669,train,0.0,site_radio,0.485315,0.459654,0.1791,0.230423,15.33,17.59,36.68,47.19,157.0,ANFR_2300806.jpg,annotation_faible
186,2304822,50.115808,1.476539,18.03,11.146457317875536,train,0.0,site_radio,0.493675,0.482622,0.19578,0.217885,18.75,7.57,40.1,44.62,158.0,ANFR_2304822.jpg,annotation_faible
187,2305996,49.740506,2.977996,13.25,0.7576272202497538,train,0.0,site_radio,0.495352,0.487229,0.083346,0.099591,7.58,5.57,17.07,20.4,159.0,ANFR_2305996.jpg,annotation_faible
188,2306566,49.748642,2.444071,12.310000000000002,0.6778289236308285,train,0.0,site_radio,0.495682,0.488135,0.080989,0.096082,7.41,5.17,16.59,19.68,160.0,ANFR_2306566.jpg,annotation_faible
189,2309494,49.890831,2.303166,14.979999999999997,12.071907793984003,train,0.0,site_radio,0.494745,0.485562,0.19674,0.215106,19.07,6.29,40.29,44.05,318.0,ANFR_2309494.jpg,annotation_faible
191,2315068,50.044748,2.130502,2.3200000000000003,28.08457976959998,train,0.0,site_radio,0.499186,0.497764,0.331868,0.334712,33.82,0.97,67.97,68.55,162.0,ANFR_2315068.jpg,annotation_faible
192,2325162,49.853756,2.70876,26.05,1.3192960295258809,train,0.0,site_radio,0.490861,0.474892,0.121102,0.153041,10.53,10.94,24.8,31.34,163.0,ANFR_2325162.jpg,annotation_faible
193,2325819,50.078513,1.455438,28.94,13.752134596474722,train,0.0,site_radio,0.489848,0.472107,0.250189,0.285671,23.54,12.16,51.24,58.51,164.0,ANFR_2325819.jpg,annotation_faible
194,2341973,49.997311,2.531583,29.89,17.124805278275602,val,0.0,site_radio,0.489514,0.471191,0.285647,0.322294,27.1,12.56,58.5,66.01,165.0,ANFR_2341973.jpg,annotation_faible
195,2349451,49.814813,2.944244,2.0600000000000023,34.70383626719192,train,0.0,site_radio,0.499277,0.498014,0.396073,0.398598,40.41,0.87,81.12,81.63,166.0,ANFR_2349451.jpg,annotation_faible
196,2352229,50.31728,1.702561,14.570000000000004,0.527980760154455,train,0.0,site_radio,0.494889,0.485957,0.083318,0.101182,7.48,6.12,17.06,20.72,167.0,ANFR_2352229.jpg,annotation_faible
197,2368656,49.871554,2.518454,25.03,39.93736342335636,train,0.0,site_radio,0.491219,0.475875,0.495524,0.526212,48.94,10.52,101.48,107.77,168.0,ANFR_2368656.jpg,annotation_faible
199,2376660,49.876377,2.312631,28.16,9.51733464605426,train,0.0,site_radio,0.490121,0.472858,0.206763,0.241289,19.15,11.83,42.35,49.42,50.0,ANFR_2376660.jpg,annotation_faible
200,2384741,49.795508,2.558203,29.989999999999995,11.870037072514087,train,0.0,site_radio,0.489479,0.471095,0.234597,0.271366,21.87,12.6,48.05,55.58,170.0,ANFR_2384741.jpg,annotation_faible
202,2405098,49.73312,2.908177,15.059999999999988,0.5553927458139817,train,0.0,site_radio,0.494717,0.485485,0.084467,0.102931,7.57,6.33,17.3,21.08,171.0,ANFR_2405098.jpg,annotation_faible
203,2412491,49.805607,2.136588,8.739999999999995,28.93191364664664,val,0.0,site_radio,0.496934,0.491576,0.350916,0.361632,35.31,3.67,71.87,74.06,172.0,ANFR_2412491.jpg,annotation_faible
204,2426790,49.80875,2.114531,29.3,20.717820291271074,train,0.0,site_radio,0.489721,0.47176,0.319169,0.355092,30.58,12.31,65.37,72.72,173.0,ANFR_2426790.jpg,annotation_faible
205,2427398,50.039638,2.732443,29.94,10.231814060911333,train,0.0,site_radio,0.489497,0.471143,0.218466,0.255174,20.22,12.58,44.74,52.26,174.0,ANFR_2427398.jpg,annotation_faible
206,2429917,49.782783,2.259364,3.500000000000014,25.5868662416772,train,0.0,site_radio,0.498772,0.496627,0.309456,0.313748,31.44,1.47,63.38,64.26,175.0,ANFR_2429917.jpg,annotation_faible
207,2437938,49.788883,2.751897,35.0,3.5163014523326543,train,0.0,site_radio,0.487722,0.466266,0.166317,0.209229,14.52,14.7,34.06,42.85,176.0,ANFR_2437938.jpg,annotation_faible
208,2445447,49.967537,2.567502,11.849999999999994,1.3672938432699089,train,0.0,site_radio,0.495843,0.488579,0.08695,0.101479,8.05,4.98,17.81,20.78,63.0,ANFR_2445447.jpg,annotation_faible
209,2449128,49.816814,2.531186,30.19000000000001,21.925552138645266,train,0.0,site_radio,0.489409,0.470902,0.333326,0.370341,31.96,12.68,68.27,75.85,178.0,ANFR_2449128.jpg,annotation_faible
210,2449152,49.752515,2.657495,30.02000000000001,1.7513130158548753,val,0.0,site_radio,0.489469,0.471066,0.135861,0.172667,11.76,12.61,27.82,35.36,179.0,ANFR_2449152.jpg,annotation_faible
211,2458847,49.811156,2.223871,29.91,0.088724523452452,train,0.0,site_radio,0.489507,0.471172,0.119332,0.156004,10.07,12.57,24.44,31.95,180.0,ANFR_2458847.jpg,annotation_faible
212,2463136,49.920088,2.201996,36.08,0.9400805545854212,val,0.0,site_radio,0.487343,0.465225,0.144026,0.188262,12.16,15.16,29.5,38.56,181.0,ANFR_2463136.jpg,annotation_faible
213,2463183,50.102467,2.265122,36.05000000000001,1.4606648481357345,train,0.0,site_radio,0.487353,0.465254,0.14903,0.19323,12.67,15.15,30.52,39.57,182.0,ANFR_2463183.jpg,annotation_faible
214,2471001,49.940935,2.352756,36.07000000000001,1.411956363480473,train,0.0,site_radio,0.487346,0.465234,0.148608,0.192832,12.63,15.15,30.43,39.49,183.0,ANFR_2471001.jpg,annotation_faible
216,2482540,49.768271,2.260543,17.01000000000002,0.453308441454207,train,0.0,site_radio,0.494033,0.483605,0.088646,0.109502,7.86,7.15,18.15,22.43,184.0,ANFR_2482540.jpg,annotation_faible
217,2484088,50.000766,2.637626,3.450000000000003,29.931778340866803,train,0.0,site_radio,0.49879,0.496675,0.351803,0.356033,35.78,1.45,72.05,72.92,185.0,ANFR_2484088.jpg,annotation_faible
218,2484400,49.981259,2.057561,24.3,0.7014606299509942,train,0.0,site_radio,0.491475,0.476579,0.110423,0.140216,9.56,10.21,22.61,28.72,186.0,ANFR_2484400.jpg,annotation_faible
219,2484498,49.903246,2.790344,2.0799999999999983,24.809342857685547,train,0.0,site_radio,0.49927,0.497995,0.29948,0.30203,30.52,0.87,61.33,61.86,187.0,ANFR_2484498.jpg,annotation_faible
220,2488373,50.027825,1.927893,31.03,1.9631097378215776,train,0.0,site_radio,0.489114,0.470092,0.14061,0.178655,12.17,13.04,28.8,36.59,188.0,ANFR_2488373.jpg,annotation_faible
221,2492434,49.932611,2.546485,2.6500000000000057,14.122122196801396,train,0.0,site_radio,0.49907,0.497446,0.196069,0.199319,19.89,1.11,40.16,40.82,189.0,ANFR_2492434.jpg,annotation_faible
222,2495876,49.738864,2.343244,2.280000000000001,35.70944278880822,train,0.0,site_radio,0.4992,0.497802,0.406262,0.409058,41.44,0.96,83.2,83.78,190.0,ANFR_2495876.jpg,annotation_faible
223,2495900,49.747177,2.55813,5.75,7.661825551202868,val,0.0,site_radio,0.497983,0.494458,0.138183,0.145233,13.74,2.42,28.3,29.74,191.0,ANFR_2495900.jpg,annotation_faible
224,2501056,49.793821,2.562414,4.739999999999995,15.769883323163278,train,0.0,site_radio,0.498337,0.495431,0.215668,0.22148,21.74,1.99,44.17,45.36,192.0,ANFR_2501056.jpg,annotation_faible
225,2501173,50.020015,3.081158,36.33000000000001,16.67898998549101,train,0.0,site_radio,0.487255,0.464984,0.29839,0.342933,27.94,15.26,61.11,70.23,193.0,ANFR_2501173.jpg,annotation_faible
227,2504337,49.745354,2.512575,12.580000000000004,0.9935609947631392,train,0.0,site_radio,0.495587,0.487875,0.084525,0.099949,7.75,5.29,17.31,20.47,194.0,ANFR_2504337.jpg,annotation_faible
228,2505891,50.031578,1.852259,30.110000000000003,1.4653788529916325,train,0.0,site_radio,0.489437,0.470979,0.133307,0.170224,11.49,12.65,27.3,34.86,195.0,ANFR_2505891.jpg,annotation_faible
229,2505893,50.045798,1.810941,2.010000000000005,29.08308839488637,val,0.0,site_radio,0.499295,0.498063,0.341099,0.343563,34.78,0.84,69.86,70.36,196.0,ANFR_2505893.jpg,annotation_faible
230,2508150,49.854093,2.57875,2.0,37.62943353318233,val,0.0,site_radio,0.499298,0.498072,0.424542,0.426994,43.33,0.84,86.95,87.45,197.0,ANFR_2508150.jpg,annotation_faible
231,2516566,49.818542,2.022958,35.96000000000001,0.2941287625511327,train,0.0,site_radio,0.487385,0.46534,0.137399,0.181488,11.49,15.11,28.14,37.17,198.0,ANFR_2516566.jpg,annotation_faible
234,2518808,49.761286,2.816003,36.120000000000005,0.4107980387312417,train,0.0,site_radio,0.487329,0.465186,0.138963,0.183249,11.63,15.17,28.46,37.53,199.0,ANFR_2518808.jpg,annotation_faible
235,2520555,49.985495,2.128979,36.02,0.8140275037555121,train,0.0,site_radio,0.487364,0.465283,0.142636,0.186798,12.02,15.13,29.21,38.26,200.0,ANFR_2520555.jpg,annotation_faible
236,2525490,49.913668,1.7408,30.02000000000001,0.5106866106150905,train,0.0,site_radio,0.489469,0.471066,0.123745,0.160551,10.51,12.61,25.34,32.88,201.0,ANFR_2525490.jpg,annotation_faible
237,2528676,50.344028,1.551625,24.99,1.2495473914555018,train,0.0,site_radio,0.491233,0.475914,0.117607,0.148246,10.25,10.5,24.09,30.36,202.0,ANFR_2528676.jpg,annotation_faible
238,2532299,49.948816,1.925492,3.949999999999996,23.23849278899165,train,0.0,site_radio,0.498614,0.496193,0.287278,0.292121,29.13,1.66,58.83,59.83,203.0,ANFR_2532299.jpg,annotation_faible
239,2532301,50.087818,2.740828,24.02000000000001,0.5834101852174132,train,0.0,site_radio,0.491574,0.476849,0.108527,0.137977,9.39,10.09,22.23,28.26,204.0,ANFR_2532301.jpg,annotation_faible
241,2532734,50.102126,1.590409,17.54,23.63060996174604,train,0.0,site_radio,0.493847,0.483094,0.316394,0.337899,31.14,7.37,64.8,69.2,205.0,ANFR_2532734.jpg,annotation_faible
242,2534481,50.206524,2.455897,41.73000000000002,1.8020805206077992,train,0.0,site_radio,0.485361,0.459779,0.167443,0.218607,14.15,17.53,34.29,44.77,206.0,ANFR_2534481.jpg,annotation_faible
243,2535283,49.942392,1.716621,36.00999999999999,0.219500403704148,train,0.0,site_radio,0.487367,0.465292,0.136803,0.180954,11.42,15.13,28.02,37.06,207.0,ANFR_2535283.jpg,annotation_faible
244,2536183,50.264024,1.996157,35.99000000000001,0.9402870653955404,train,0.0,site_radio,0.487374,0.465311,0.143789,0.187915,12.14,15.12,29.45,38.48,208.0,ANFR_2536183.jpg,annotation_faible
247,2555413,49.990234,1.60732,30.00000000000001,8.572226694139056,train,0.0,site_radio,0.489476,0.471085,0.202418,0.2392,18.57,12.6,41.46,48.99,209.0,ANFR_2555413.jpg,annotation_faible
248,2559240,49.784424,1.782459,35.41,0.99733069307938,train,0.0,site_radio,0.487578,0.465871,0.142806,0.186221,12.08,14.88,29.25,38.14,210.0,ANFR_2559240.jpg,annotation_faible
250,2561085,50.100418,2.547871,28.579999999999984,3.470421396474991,train,0.0,site_radio,0.489974,0.472454,0.148826,0.183867,13.19,12.01,30.48,37.66,211.0,ANFR_2561085.jpg,annotation_faible
252,2575238,50.024435,2.332472,41.97000000000001,1.3312718818894125,train,0.0,site_radio,0.485277,0.459548,0.163483,0.21494,13.73,17.63,33.48,44.02,212.0,ANFR_2575238.jpg,annotation_faible
253,2600166,49.77015,2.618613,33.61999999999999,25.96975404685971,train,0.0,site_radio,0.488206,0.467596,0.381926,0.423146,36.69,14.12,78.22,86.66,28.0,ANFR_2600166.jpg,annotation_faible
254,2607896,50.084703,2.65868,24.790000000000006,2.027578311786706,train,0.0,site_radio,0.491303,0.476106,0.124674,0.155068,10.99,10.41,25.53,31.76,214.0,ANFR_2607896.jpg,annotation_faible
255,2609961,49.867398,2.60143,8.709999999999994,13.369468848062352,val,0.0,site_radio,0.496944,0.491605,0.198889,0.209568,19.74,3.66,40.73,42.92,215.0,ANFR_2609961.jpg,annotation_faible
256,2610631,50.122325,1.768355,42.52,0.9994806617355766,train,0.0,site_radio,0.485084,0.459018,0.161703,0.213835,13.5,17.86,33.12,43.79,216.0,ANFR_2610631.jpg,annotation_faible
257,2614708,49.811776,1.854628,36.72999999999999,1.373226553303545,train,0.0,site_radio,0.487115,0.464598,0.149982,0.195015,12.72,15.43,30.72,39.94,39.0,ANFR_2614708.jpg,annotation_faible
258,2620257,49.863663,2.14955,42.06000000000002,1.327972675090185,train,0.0,site_radio,0.485245,0.459461,0.163689,0.215257,13.74,17.67,33.52,44.08,218.0,ANFR_2620257.jpg,annotation_faible
259,2620259,50.062092,1.894716,2.3199999999999967,21.700323881448814,train,0.0,site_radio,0.499186,0.497764,0.269522,0.272366,27.43,0.97,55.2,55.78,219.0,ANFR_2620259.jpg,annotation_faible
260,2621821,49.898065,2.292774,35.53,36.05823355211616,train,0.0,site_radio,0.487536,0.465755,0.485517,0.529079,47.16,14.93,99.43,108.36,220.0,ANFR_2621821.jpg,annotation_faible
261,2623227,49.906569,2.272839,32.77,1.1148725911553674,train,0.0,site_radio,0.488504,0.468415,0.136946,0.177124,11.67,13.77,28.05,36.27,366.0,ANFR_2623227.jpg,annotation_faible
262,2624989,49.941183,2.705062,2.0700000000000074,24.222835343421124,train,0.0,site_radio,0.499274,0.498005,0.293736,0.296274,29.93,0.87,60.16,60.68,222.0,ANFR_2624989.jpg,annotation_faible
263,2632178,50.154834,1.749754,2.760000000000005,29.81975222390641,train,0.0,site_radio,0.499032,0.49734,0.349551,0.352935,35.6,1.16,71.59,72.28,223.0,ANFR_2632178.jpg,annotation_faible
265,2639768,49.760055,2.386545,13.799999999999995,1.0683372053270774,train,0.0,site_radio,0.495159,0.486699,0.087303,0.104222,7.95,5.8,17.88,21.34,224.0,ANFR_2639768.jpg,annotation_faible
267,2640376,50.104519,1.992564,42.11,1.0101797001429305,train,0.0,site_radio,0.485227,0.459413,0.160719,0.212348,13.43,17.69,32.92,43.49,225.0,ANFR_2640376.jpg,annotation_faible
268,2640999,50.188443,1.705049,30.06,1.5546687004173605,val,0.0,site_radio,0.489455,0.471027,0.134046,0.170902,11.57,12.63,27.45,35.0,226.0,ANFR_2640999.jpg,annotation_faible
269,2642150,50.049439,1.870739,4.510000000000002,41.65466902924109,train,0.0,site_radio,0.498418,0.495653,0.468063,0.473593,47.61,1.89,95.86,96.99,227.0,ANFR_2642150.jpg,annotation_faible
270,2642388,50.106958,1.520354,3.530000000000001,38.81628844546473,train,0.0,site_radio,0.498762,0.496598,0.4387,0.443028,44.67,1.48,89.85,90.73,228.0,ANFR_2642388.jpg,annotation_faible
271,2647853,50.318882,1.592984,18.89,5.134829198275345,val,0.0,site_radio,0.493373,0.481793,0.139355,0.162516,12.91,7.94,28.54,33.28,229.0,ANFR_2647853.jpg,annotation_faible
273,265326,49.909666,2.33736,26.32,0.7107747095809723,train,0.0,site_radio,0.490767,0.474632,0.115876,0.148146,9.97,11.06,23.73,30.34,230.0,ANFR_265326.jpg,annotation_faible
277,2670480,49.760893,2.941513,30.18,0.7958220243451049,train,0.0,site_radio,0.489413,0.470911,0.126954,0.163957,10.83,12.68,26.0,33.58,231.0,ANFR_2670480.jpg,annotation_faible
278,2670539,49.957774,2.152577,26.989999999999995,5.5797594197696725,train,0.0,site_radio,0.490532,0.473986,0.165204,0.198295,14.98,11.34,33.83,40.61,232.0,ANFR_2670539.jpg,annotation_faible
279,2672281,49.849688,2.633642,29.989999999999995,4.36219425939721,val,0.0,site_radio,0.489479,0.471095,0.161278,0.198047,14.36,12.6,33.03,40.56,233.0,ANFR_2672281.jpg,annotation_faible
280,2683776,49.747319,2.601378,2.1099999999999994,27.608014635365148,val,0.0,site_radio,0.49926,0.497966,0.326861,0.329448,33.32,0.89,66.94,67.47,234.0,ANFR_2683776.jpg,annotation_faible
282,2689988,50.207345,2.337904,30.57,16.3781474010777,train,0.0,site_radio,0.489276,0.470535,0.280161,0.317641,26.49,12.84,57.38,65.05,235.0,ANFR_2689988.jpg,annotation_faible
286,2702228,50.083504,1.498595,16.03,0.3755036802453352,train,0.0,site_radio,0.494377,0.48455,0.085285,0.104939,7.58,6.73,17.47,21.49,236.0,ANFR_2702228.jpg,annotation_faible
287,2706342,49.736096,2.518088,11.22,15.13713031312629,train,0.0,site_radio,0.496064,0.489186,0.220364,0.23412,21.76,4.71,45.13,47.95,237.0,ANFR_2706342.jpg,annotation_faible
288,2710308,50.195489,1.924536,10.909999999999997,19.514018749620654,train,0.0,site_radio,0.496173,0.489485,0.262586,0.275963,26.11,4.58,53.78,56.52,238.0,ANFR_2710308.jpg,annotation_faible
290,2729051,49.605677,2.575207,2.009999999999991,11.09996646870447,train,0.0,site_radio,0.499295,0.498063,0.165482,0.167947,16.8,0.84,33.89,34.4,239.0,ANFR_2729051.jpg,annotation_faible
291,2734933,50.138366,2.317756,11.230000000000004,11.006147922985528,train,0.0,site_radio,0.49606,0.489176,0.180039,0.193807,17.63,4.72,36.87,39.69,240.0,ANFR_2734933.jpg,annotation_faible
293,2736504,49.955783,2.313539,28.02,0.6750173688134576,train,0.0,site_radio,0.49017,0.472993,0.12004,0.154394,10.28,11.77,24.58,31.62,241.0,ANFR_2736504.jpg,annotation_faible
294,2751073,49.924147,2.552508,5.579999999999998,3.678728547376991,train,0.0,site_radio,0.498042,0.494622,0.099,0.105842,9.74,2.34,20.28,21.68,242.0,ANFR_2751073.jpg,annotation_faible
296,2774597,49.705069,2.660718,8.480000000000004,0.5567398758148722,train,0.0,site_radio,0.497025,0.491827,0.073379,0.083776,6.9,3.56,15.03,17.16,243.0,ANFR_2774597.jpg,annotation_faible
297,2776947,50.070335,1.676687,3.850000000000009,14.100228620206313,val,0.0,site_radio,0.498649,0.496289,0.197869,0.20259,19.99,1.62,40.52,41.49,244.0,ANFR_2776947.jpg,annotation_faible
298,2778277,50.03146,1.67541,2.019999999999996,17.770632305332228,train,0.0,site_radio,0.499291,0.498053,0.230642,0.233119,23.47,0.85,47.24,47.74,245.0,ANFR_2778277.jpg,annotation_faible
299,2806460,50.190629,1.793491,7.439999999999998,24.322110603444084,train,0.0,site_radio,0.49739,0.492829,0.303717,0.312839,30.57,3.13,62.2,64.07,246.0,ANFR_2806460.jpg,annotation_faible
303,2842833,50.045248,1.779474,16.560000000000002,3.9197070885874505,val,0.0,site_radio,0.494191,0.484039,0.121303,0.141607,11.23,6.96,24.84,29.0,247.0,ANFR_2842833.jpg,annotation_faible
304,2844233,50.044724,2.121316,2.8600000000000065,6.675473368636921,train,0.0,site_radio,0.498997,0.497243,0.123701,0.127207,12.46,1.2,25.33,26.05,248.0,ANFR_2844233.jpg,annotation_faible
305,2856538,49.684217,2.832152,30.02000000000001,7.591736374093889,train,0.0,site_radio,0.489469,0.471066,0.192896,0.229702,17.6,12.61,39.51,47.04,249.0,ANFR_2856538.jpg,annotation_faible
306,2860784,49.898325,2.954506,30.76,4.511745574340072,train,0.0,site_radio,0.489209,0.470352,0.164782,0.202496,14.66,12.92,33.75,41.47,250.0,ANFR_2860784.jpg,annotation_faible
307,2869427,49.704457,2.590607,2.009999999999998,33.73546210736725,train,0.0,site_radio,0.499295,0.498063,0.386532,0.388996,39.44,0.84,79.16,79.67,251.0,ANFR_2869427.jpg,annotation_faible
312,2888306,50.123741,1.830798,7.559999999999995,38.88636539498135,train,0.0,site_radio,0.497348,0.492713,0.446148,0.455417,45.14,3.18,91.37,93.27,252.0,ANFR_2888306.jpg,annotation_faible
313,2892851,50.111995,1.838492,2.38,1.7538087636699606,train,0.0,site_radio,0.499165,0.497706,0.074832,0.07775,7.49,1.0,15.33,15.92,253.0,ANFR_2892851.jpg,annotation_faible
314,2893184,49.905584,2.279787,6.289999999999999,31.75583451306087,train,0.0,site_radio,0.497793,0.493937,0.374382,0.382094,37.88,2.64,76.67,78.25,254.0,ANFR_2893184.jpg,annotation_faible
315,2894622,50.11184,1.816603,8.700000000000001,9.46676574474768,train,0.0,site_radio,0.496948,0.491615,0.16076,0.171427,15.84,3.66,32.92,35.11,255.0,ANFR_2894622.jpg,annotation_faible
316,2902873,49.818737,2.867345,36.010000000000005,0.6713083486438902,val,0.0,site_radio,0.487367,0.465292,0.141215,0.185366,11.87,15.13,28.92,37.96,256.0,ANFR_2902873.jpg,annotation_faible
317,2914788,50.121563,1.795494,4.989999999999999,18.90364779376483,train,0.0,site_radio,0.498249,0.49519,0.246691,0.252809,24.9,2.1,50.52,51.78,257.0,ANFR_2914788.jpg,annotation_faible
320,2947205,50.318288,1.65847,2.17,39.50015184668142,val,0.0,site_radio,0.499239,0.497908,0.443096,0.445757,45.22,0.91,90.75,91.29,258.0,ANFR_2947205.jpg,annotation_faible
321,2947434,49.91423,2.925164,27.220000000000013,13.746836805427018,train,0.0,site_radio,0.490451,0.473764,0.245571,0.278944,23.19,11.44,50.29,57.13,259.0,ANFR_2947434.jpg,annotation_faible
323,2957310,49.939459,2.852517,24.960000000000008,0.5982225764192057,train,0.0,site_radio,0.491244,0.475943,0.111167,0.141769,9.59,10.49,22.77,29.03,260.0,ANFR_2957310.jpg,annotation_faible
324,2965202,50.148858,2.35922,5.199999999999989,5.157054783079063,val,0.0,site_radio,0.498176,0.494988,0.112799,0.119175,11.18,2.18,23.1,24.41,261.0,ANFR_2965202.jpg,annotation_faible
325,2967596,50.184495,1.622202,15.270000000000003,33.10817886758293,train,0.0,site_radio,0.494643,0.485282,0.402922,0.421644,40.16,6.42,82.52,86.35,40.0,ANFR_2967596.jpg,annotation_faible
327,2975378,49.99358,2.96991,2.230000000000004,13.752899811900928,val,0.0,site_radio,0.499218,0.497851,0.191759,0.194493,19.48,0.94,39.27,39.83,263.0,ANFR_2975378.jpg,annotation_faible
328,2981176,50.097736,1.852938,27.290000000000006,12.396268160686851,train,0.0,site_radio,0.490426,0.473697,0.232568,0.266027,21.85,11.47,47.63,54.48,264.0,ANFR_2981176.jpg,annotation_faible
329,2986195,49.712269,2.389719,14.560000000000002,5.234853826192568,train,0.0,site_radio,0.494892,0.485967,0.129267,0.147118,12.19,6.12,26.47,30.13,265.0,ANFR_2986195.jpg,annotation_faible
330,2987261,49.767119,2.04465,8.660000000000025,27.7063319895179,val,0.0,site_radio,0.496962,0.491653,0.338814,0.349431,34.07,3.64,69.39,71.56,266.0,ANFR_2987261.jpg,annotation_faible
332,2990221,50.228678,1.612369,10.489999999999998,15.62419050258046,train,0.0,site_radio,0.49632,0.489889,0.223895,0.236756,22.17,4.41,45.85,48.49,267.0,ANFR_2990221.jpg,annotation_faible
334,2998642,49.731268,2.873444,2.5900000000000034,18.42474253527736,train,0.0,site_radio,0.499091,0.497504,0.237987,0.241162,24.18,1.09,48.74,49.39,268.0,ANFR_2998642.jpg,annotation_faible
335,3004897,49.793122,2.392803,36.06,0.8399473374262749,train,0.0,site_radio,0.48735,0.465244,0.142995,0.187207,12.05,15.15,29.29,38.34,269.0,ANFR_3004897.jpg,annotation_faible
336,3005935,50.101503,2.046064,2.8700000000000045,18.472809118531217,train,0.0,site_radio,0.498993,0.497234,0.238926,0.242445,24.26,1.21,48.93,49.65,270.0,ANFR_3005935.jpg,annotation_faible
337,3007120,49.9561,1.779195,15.900000000000006,6.284076344264636,train,0.0,site_radio,0.494422,0.484675,0.142641,0.162135,13.46,6.68,29.21,33.21,271.0,ANFR_3007120.jpg,annotation_faible
338,3008439,49.737833,2.783573,14.700000000000005,6.692610492634589,train,0.0,site_radio,0.494843,0.485832,0.143738,0.161761,13.66,6.18,29.44,33.13,272.0,ANFR_3008439.jpg,annotation_faible
339,3018890,49.708792,2.76461,2.1599999999999966,13.508088627415864,train,0.0,site_radio,0.499242,0.497918,0.189251,0.191899,19.22,0.91,38.76,39.3,273.0,ANFR_3018890.jpg,annotation_faible
340,3019238,49.650965,2.768866,16.690000000000012,24.59740130651626,train,0.0,site_radio,0.494145,0.483914,0.323579,0.344042,31.94,7.01,66.27,70.46,274.0,ANFR_3019238.jpg,annotation_faible
341,3021119,49.773849,1.869281,5.939999999999998,40.88720560803722,train,0.0,site_radio,0.497916,0.494275,0.462968,0.470251,46.98,2.5,94.82,96.31,275.0,ANFR_3021119.jpg,annotation_faible
342,3024341,49.859647,3.04537,28.950000000000003,10.695356988798046,train,0.0,site_radio,0.489844,0.472097,0.220364,0.255859,20.49,12.16,45.13,52.4,276.0,ANFR_3024341.jpg,annotation_faible
343,3030196,49.985652,2.870934,25.04000000000002,12.924706895962276,train,0.0,site_radio,0.491216,0.475866,0.231755,0.262456,21.93,10.52,47.46,53.75,277.0,ANFR_3030196.jpg,annotation_faible
344,3032941,49.932984,2.195137,4.109999999999999,12.705425584632495,train,0.0,site_radio,0.498558,0.496039,0.184685,0.189724,18.62,1.73,37.82,38.86,278.0,ANFR_3032941.jpg,annotation_faible
345,3035629,50.11889,1.607047,2.0600000000000023,29.230770275736763,train,0.0,site_radio,0.499277,0.498014,0.342625,0.34515,34.94,0.87,70.17,70.69,279.0,ANFR_3035629.jpg,annotation_faible
347,3039875,49.638679,2.750029,2.239999999999995,29.47628749055724,train,0.0,site_radio,0.499214,0.497841,0.345324,0.348071,35.2,0.94,70.72,71.28,280.0,ANFR_3039875.jpg,annotation_faible
348,3040028,50.097079,1.648286,2.1099999999999994,2.844750700315013,train,0.0,site_radio,0.49926,0.497966,0.085033,0.08762,8.56,0.89,17.41,17.94,281.0,ANFR_3040028.jpg,annotation_faible
350,3042481,49.910602,2.265455,10.64,8.902304201709955,val,0.0,site_radio,0.496267,0.489745,0.158503,0.171549,15.47,4.47,32.46,35.13,282.0,ANFR_3042481.jpg,annotation_faible
351,3044575,50.065261,2.611003,2.219999999999999,12.274980661236093,train,0.0,site_radio,0.499221,0.49786,0.177309,0.180031,18.0,0.93,36.31,36.87,283.0,ANFR_3044575.jpg,annotation_faible
352,3049260,49.736608,3.071401,4.510000000000005,21.930768358381776,train,0.0,site_radio,0.498418,0.495653,0.275447,0.280977,27.88,1.89,56.41,57.54,284.0,ANFR_3049260.jpg,annotation_faible
354,3054701,49.855982,2.384036,8.549999999999997,32.742442963722254,train,0.0,site_radio,0.497001,0.491759,0.38781,0.398293,39.1,3.59,79.42,81.57,285.0,ANFR_3054701.jpg,annotation_faible
356,3064052,49.832684,2.825935,30.090000000000003,12.710514342340057,train,0.0,site_radio,0.489444,0.470998,0.24307,0.279962,22.73,12.64,49.78,57.34,286.0,ANFR_3064052.jpg,annotation_faible
357,3075893,49.723727,2.152428,9.700000000000005,18.79270106433444,train,0.0,site_radio,0.496597,0.490651,0.253512,0.265405,25.26,4.08,51.92,54.35,287.0,ANFR_3075893.jpg,annotation_faible
358,3078323,49.914802,1.874599,2.0,36.29764899683559,train,0.0,site_radio,0.499298,0.498072,0.411537,0.413989,42.0,0.84,84.28,84.78,288.0,ANFR_3078323.jpg,annotation_faible
364,3106612,50.151162,1.854096,2.0700000000000003,29.56022235589141,train,0.0,site_radio,0.499274,0.498005,0.345859,0.348397,35.27,0.87,70.83,71.35,289.0,ANFR_3106612.jpg,annotation_faible
365,3107663,49.980213,2.430631,3.9099999999999966,24.275307390473955,train,0.0,site_radio,0.498628,0.496231,0.297336,0.30213,30.17,1.64,60.89,61.88,290.0,ANFR_3107663.jpg,annotation_faible
366,3113346,49.803879,2.807581,15.909999999999997,0.3645748600206093,train,0.0,site_radio,0.494419,0.484665,0.08486,0.104366,7.55,6.68,17.38,21.37,291.0,ANFR_3113346.jpg,annotation_faible
367,3113498,49.699888,2.124307,2.219999999999999,35.23322459309979,train,0.0,site_radio,0.499221,0.49786,0.401511,0.404233,40.96,0.93,82.23,82.79,292.0,ANFR_3113498.jpg,annotation_faible
368,3113500,50.180009,2.366606,2.1099999999999994,38.47744536502699,val,0.0,site_radio,0.49926,0.497966,0.433008,0.435595,44.19,0.89,88.68,89.21,293.0,ANFR_3113500.jpg,annotation_faible
369,3114315,49.913639,2.501073,3.419999999999998,32.6944906855456,train,0.0,site_radio,0.4988,0.496704,0.378732,0.382926,38.54,1.44,77.56,78.42,294.0,ANFR_3114315.jpg,annotation_faible
370,3116036,50.298842,1.662352,2.03,39.7626892608724,val,0.0,site_radio,0.499288,0.498043,0.445425,0.447914,45.47,0.85,91.22,91.73,295.0,ANFR_3116036.jpg,annotation_faible
371,3118129,49.941687,2.534455,11.160000000000004,28.64997430260081,train,0.0,site_radio,0.496085,0.489244,0.352224,0.365907,35.27,4.69,72.14,74.94,296.0,ANFR_3118129.jpg,annotation_faible
374,3126654,49.774225,1.809846,2.549999999999983,29.65746006142432,val,0.0,site_radio,0.499105,0.497542,0.347614,0.35074,35.41,1.07,71.19,71.83,297.0,ANFR_3126654.jpg,annotation_faible
375,3126973,49.956399,1.895454,2.019999999999996,40.40825778537017,val,0.0,site_radio,0.499291,0.498053,0.451713,0.454189,46.11,0.85,92.51,93.02,298.0,ANFR_3126973.jpg,annotation_faible
377,3161504,50.052491,2.170778,4.219999999999999,30.17927124265756,train,0.0,site_radio,0.49852,0.495933,0.355512,0.360686,36.1,1.77,72.81,73.87,299.0,ANFR_3161504.jpg,annotation_faible
380,3185661,49.912786,2.322477,14.149999999999991,1.8856579380629728,train,0.0,site_radio,0.495036,0.486362,0.095872,0.113221,8.8,5.94,19.63,23.19,300.0,ANFR_3185661.jpg,annotation_faible
381,3191376,50.026345,2.80581,3.6100000000000136,31.831190286959192,val,0.0,site_radio,0.498734,0.496521,0.370621,0.375047,37.69,1.52,75.9,76.81,301.0,ANFR_3191376.jpg,annotation_faible
382,3194814,50.275467,1.675097,9.71,24.72341523105149,val,0.0,site_radio,0.496594,0.490641,0.311446,0.323351,31.19,4.08,63.78,66.22,302.0,ANFR_3194814.jpg,annotation_faible
384,3205561,50.144082,1.76003,2.01,30.73566237441173,val,0.0,site_radio,0.499295,0.498063,0.357237,0.359701,36.44,0.84,73.16,73.67,303.0,ANFR_3205561.jpg,annotation_faible
386,3266631,50.16276,1.730675,4.100000000000001,8.797661818324924,val,0.0,site_radio,0.498562,0.496048,0.146506,0.151533,14.71,1.72,30.0,31.03,304.0,ANFR_3266631.jpg,annotation_faible
387,3273571,49.947045,2.218753,4.719999999999999,31.75924908400087,train,0.0,site_radio,0.498344,0.495451,0.371781,0.377568,37.73,1.98,76.14,77.33,305.0,ANFR_3273571.jpg,annotation_faible
389,3276765,49.931933,2.430151,3.530000000000001,41.56728152615482,train,0.0,site_radio,0.498762,0.496598,0.465565,0.469893,47.42,1.48,95.35,96.23,306.0,ANFR_3276765.jpg,annotation_faible
390,3282584,50.184527,2.011432,17.650000000000006,9.672944184348554,val,0.0,site_radio,0.493808,0.482988,0.180381,0.202021,17.2,7.42,36.94,41.37,307.0,ANFR_3282584.jpg,annotation_faible
392,3305084,49.840995,2.913382,7.050000000000011,18.312811431877748,train,0.0,site_radio,0.497527,0.493205,0.244378,0.253022,24.52,2.96,50.05,51.82,308.0,ANFR_3305084.jpg,annotation_faible
393,3313051,50.28167,1.58658,25.34,1.0996218112387897,train,0.0,site_radio,0.491111,0.475576,0.117072,0.14814,10.17,10.65,23.98,30.34,309.0,ANFR_3313051.jpg,annotation_faible
394,3321788,49.912676,2.104634,5.180000000000007,32.76509338989901,train,0.0,site_radio,0.498183,0.495007,0.382376,0.388727,38.78,2.18,78.31,79.61,310.0,ANFR_3321788.jpg,annotation_faible
395,3322112,50.313327,1.769302,3.110000000000003,42.24877655745886,train,0.0,site_radio,0.498909,0.497002,0.471516,0.475329,48.06,1.31,96.57,97.35,311.0,ANFR_3322112.jpg,annotation_faible
396,3324026,50.228885,1.612405,7.869999999999999,7.759489355878701,train,0.0,site_radio,0.497239,0.492415,0.142694,0.152344,14.05,3.31,29.22,31.2,267.0,ANFR_3324026.jpg,annotation_faible
397,355018,49.77852,1.862768,30.629999999999995,0.4783623522637172,val,0.0,site_radio,0.489255,0.470478,0.125049,0.162603,10.6,12.87,25.61,33.3,313.0,ANFR_355018.jpg,annotation_faible
398,363918,49.881881,2.319263,13.82,14.88214647036721,train,0.0,site_radio,0.495152,0.48668,0.222237,0.239181,21.76,5.81,45.51,48.98,314.0,ANFR_363918.jpg,annotation_faible
399,381895,49.889092,2.296293,18.14,15.501154880931807,train,0.0,site_radio,0.493636,0.482516,0.238598,0.260839,23.13,7.62,48.86,53.42,315.0,ANFR_381895.jpg,annotation_faible
402,437497,50.138164,2.222386,88.11000000000001,2.745142657842377,train,0.0,site_radio,0.46909,0.415076,0.29978,0.407808,24.37,37.02,61.39,83.52,316.0,ANFR_437497.jpg,annotation_faible
403,437657,50.099131,1.724881,15.119999999999996,0.6174590017699293,val,0.0,site_radio,0.494696,0.485427,0.085232,0.10377,7.64,6.35,17.46,21.25,317.0,ANFR_437657.jpg,annotation_faible
404,438812,49.889901,2.301688,23.790000000000006,24.158278014928204,train,0.0,site_radio,0.491654,0.47707,0.338139,0.367307,32.92,9.99,69.25,75.22,318.0,ANFR_438812.jpg,annotation_faible
405,440810,49.854756,1.813704,29.879999999999995,2.101285603238693,train,0.0,site_radio,0.489518,0.471201,0.138907,0.175541,12.08,12.55,28.45,35.95,319.0,ANFR_440810.jpg,annotation_faible
407,456417,49.911371,2.300064,52.81,12.688229319179884,train,0.0,site_radio,0.481474,0.4491,0.303168,0.367916,27.25,22.19,62.09,75.35,320.0,ANFR_456417.jpg,annotation_faible
408,457248,50.1237,1.830929,6.509999999999998,36.092310221684286,train,0.0,site_radio,0.497716,0.493725,0.4171,0.425081,42.24,2.74,85.42,87.06,252.0,ANFR_457248.jpg,annotation_faible
409,457460,49.936146,2.420871,25.5,4.752050971289675,train,0.0,site_radio,0.491054,0.475422,0.153165,0.18443,13.85,10.71,31.37,37.77,322.0,ANFR_457460.jpg,annotation_faible
410,460754,49.94558,2.938661,2.75,32.57413314059866,train,0.0,site_radio,0.499035,0.497349,0.376433,0.379804,38.35,1.16,77.09,77.78,323.0,ANFR_460754.jpg,annotation_faible
411,461802,49.760957,2.340343,11.570000000000007,17.82357621240627,train,0.0,site_radio,0.495941,0.488848,0.247186,0.261371,24.48,4.86,50.62,53.53,116.0,ANFR_461802.jpg,annotation_faible
413,468011,50.095096,1.86982,53.78999999999999,16.77743822691365,train,0.0,site_radio,0.48113,0.448155,0.345703,0.411653,31.54,22.6,70.8,84.31,325.0,ANFR_468011.jpg,annotation_faible
415,474109,49.839788,2.99179,24.930000000000007,0.4004472663053472,val,0.0,site_radio,0.491254,0.475972,0.109156,0.139721,9.39,10.47,22.36,28.61,326.0,ANFR_474109.jpg,annotation_faible
416,474720,49.858837,2.27371,15.159999999999997,9.213423239881177,train,0.0,site_radio,0.494682,0.485388,0.169283,0.18787,16.25,6.37,34.67,38.48,327.0,ANFR_474720.jpg,annotation_faible
417,474858,50.080137,1.999218,47.18000000000001,1.5037523378946065,train,0.0,site_radio,0.483449,0.454526,0.178998,0.236844,14.94,19.82,36.66,48.51,328.0,ANFR_474858.jpg,annotation_faible
418,474862,50.192773,2.154295,34.80999999999999,10.711658632317706,train,0.0,site_radio,0.487788,0.466449,0.23608,0.278759,21.67,14.62,48.35,57.09,329.0,ANFR_474862.jpg,annotation_faible
419,476752,49.888816,2.318614,40.650000000000006,21.73025487351676,val,0.0,site_radio,0.48574,0.46082,0.359187,0.409027,33.86,17.08,73.56,83.77,330.0,ANFR_476752.jpg,annotation_faible
420,477605,49.752707,3.082939,51.8,0.3873394115476999,train,0.0,site_radio,0.481828,0.450073,0.180361,0.243871,14.75,21.76,36.94,49.94,331.0,ANFR_477605.jpg,annotation_faible
421,479688,49.847731,2.408533,5.369999999999997,26.654773151680143,val,0.0,site_radio,0.498116,0.494824,0.323023,0.329607,32.69,2.26,66.16,67.5,332.0,ANFR_479688.jpg,annotation_faible
422,482436,50.081651,1.809603,94.58,31.267806234261062,train,0.0,site_radio,0.466821,0.40884,0.595498,0.711458,54.18,39.74,121.96,145.71,333.0,ANFR_482436.jpg,annotation_faible
423,482468,49.816618,2.245537,41.81999999999999,5.547008782988192,train,0.0,site_radio,0.485329,0.459692,0.204254,0.255528,17.91,17.57,41.83,52.33,334.0,ANFR_482468.jpg,annotation_faible
424,483507,50.203665,1.758626,14.489999999999997,6.108361359363529,train,0.0,site_radio,0.494917,0.486034,0.13768,0.155445,13.06,6.09,28.2,31.84,335.0,ANFR_483507.jpg,annotation_faible
425,483732,49.87239,2.515782,15.400000000000006,0.3657723626538733,val,0.0,site_radio,0.494598,0.485157,0.083518,0.102399,7.45,6.47,17.1,20.97,336.0,ANFR_483732.jpg,annotation_faible
426,484040,49.877075,2.28145,36.78,16.967612973195735,train,0.0,site_radio,0.487097,0.46455,0.302403,0.347498,28.32,15.45,61.93,71.17,337.0,ANFR_484040.jpg,annotation_faible
427,485901,49.993273,1.556816,14.939999999999998,0.6664129333481765,train,0.0,site_radio,0.494759,0.4856,0.085291,0.103608,7.66,6.28,17.47,21.22,338.0,ANFR_485901.jpg,annotation_faible
428,486695,50.343481,1.574381,15.14,17.092159866524717,train,0.0,site_radio,0.494689,0.485407,0.246171,0.264733,24.12,6.36,50.42,54.22,339.0,ANFR_486695.jpg,annotation_faible
429,492669,49.667894,2.767886,26.120000000000005,0.7536808522927392,train,0.0,site_radio,0.490837,0.474825,0.115765,0.147789,9.98,10.97,23.71,30.27,340.0,ANFR_492669.jpg,annotation_faible
430,492982,49.705521,2.782065,11.72,4.255247624952411,val,0.0,site_radio,0.495889,0.488704,0.114934,0.129304,10.93,4.92,23.54,26.48,341.0,ANFR_492982.jpg,annotation_faible
431,492995,49.866509,2.264761,13.28,1.007035498344681,train,0.0,site_radio,0.495341,0.4872,0.085831,0.102114,7.84,5.58,17.58,20.91,342.0,ANFR_492995.jpg,annotation_faible
432,493288,49.957826,3.085896,38.94,16.317910125557795,train,0.0,site_radio,0.48634,0.462468,0.301793,0.349535,28.11,16.36,61.81,71.58,343.0,ANFR_493288.jpg,annotation_faible
433,493418,49.965066,2.509624,37.68000000000001,2.7409463630392445,train,0.0,site_radio,0.486782,0.463683,0.16586,0.212058,14.28,15.83,33.97,43.43,344.0,ANFR_493418.jpg,annotation_faible
434,493486,50.272914,1.658251,33.370000000000005,1.8398789397792183,train,0.0,site_radio,0.488294,0.467837,0.145619,0.186532,12.51,14.02,29.82,38.2,345.0,ANFR_493486.jpg,annotation_faible
435,494183,49.983458,2.924026,36.620000000000005,2.0568774494989133,train,0.0,site_radio,0.487153,0.464704,0.156366,0.201264,13.38,15.38,32.02,41.22,346.0,ANFR_494183.jpg,annotation_faible
436,495231,50.068154,1.401975,46.86999999999999,2.404630566789827,train,0.0,site_radio,0.483558,0.454825,0.186973,0.244438,15.78,19.69,38.29,50.06,347.0,ANFR_495231.jpg,annotation_faible
437,495354,50.066363,1.561503,48.58,0.6787375547314103,train,0.0,site_radio,0.482958,0.453177,0.174658,0.23422,14.39,20.41,35.77,47.97,348.0,ANFR_495354.jpg,annotation_faible
438,496106,49.866116,2.843993,42.650000000000006,2.7548793644296925,val,0.0,site_radio,0.485038,0.458892,0.17919,0.231482,15.28,17.92,36.7,47.41,349.0,ANFR_496106.jpg,annotation_faible
439,496215,50.001271,2.651708,51.09,13.507298875381506,train,0.0,site_radio,0.482077,0.450758,0.3066,0.36924,27.73,21.46,62.79,75.62,350.0,ANFR_496215.jpg,annotation_faible
440,496255,50.085827,1.540786,2.510000000000005,34.47024091165952,train,0.0,site_radio,0.499119,0.497581,0.394547,0.397624,40.22,1.05,80.8,81.43,351.0,ANFR_496255.jpg,annotation_faible
441,496287,49.903979,2.512295,15.180000000000003,0.621231951545683,train,0.0,site_radio,0.494675,0.485369,0.085428,0.10404,7.66,6.38,17.5,21.31,352.0,ANFR_496287.jpg,annotation_faible
442,497367,50.165748,2.339884,14.459999999999994,0.2645954880159893,train,0.0,site_radio,0.494927,0.486063,0.080561,0.09829,7.21,6.08,16.5,20.13,353.0,ANFR_497367.jpg,annotation_faible
443,498390,49.709687,2.346056,37.35000000000001,5.597676702102167,train,0.0,site_radio,0.486897,0.464001,0.192882,0.238675,17.07,15.69,39.5,48.88,354.0,ANFR_498390.jpg,annotation_faible
444,498959,49.9892,2.17724,15.860000000000014,3.925398801800831,train,0.0,site_radio,0.494436,0.484714,0.119501,0.138946,11.1,6.66,24.47,28.46,355.0,ANFR_498959.jpg,annotation_faible
445,499012,49.99902,2.663029,27.05,2.739031163331177,train,0.0,site_radio,0.490511,0.473928,0.137622,0.170787,12.15,11.36,28.18,34.98,356.0,ANFR_499012.jpg,annotation_faible
446,500101,49.867615,2.362193,9.79,12.918713288340918,train,0.0,site_radio,0.496566,0.490564,0.1963,0.208303,19.4,4.11,40.2,42.66,357.0,ANFR_500101.jpg,annotation_faible
447,501509,49.777252,2.496251,37.58999999999999,10.454766163421455,val,0.0,site_radio,0.486813,0.463769,0.240952,0.287039,21.97,15.79,49.35,58.79,358.0,ANFR_501509.jpg,annotation_faible
448,501523,50.318347,1.635662,35.12,7.714114786601423,val,0.0,site_radio,0.48768,0.46615,0.20763,0.250689,18.74,14.75,42.52,51.34,359.0,ANFR_501523.jpg,annotation_faible
449,502928,49.915198,2.245912,41.84,10.539050371694085,train,0.0,site_radio,0.485322,0.459673,0.253057,0.304356,22.91,17.58,51.83,62.33,360.0,ANFR_502928.jpg,annotation_faible
451,509375,49.68631,2.400277,15.139999999999986,0.4265365510341803,train,0.0,site_radio,0.494689,0.485407,0.083421,0.101983,7.45,6.36,17.08,20.89,361.0,ANFR_509375.jpg,annotation_faible
452,509710,49.77517,2.799273,40.50999999999999,0.3213807079773522,train,0.0,site_radio,0.485789,0.460955,0.149745,0.199412,12.42,17.02,30.67,40.84,362.0,ANFR_509710.jpg,annotation_faible
453,512985,50.009742,2.268338,7.349999999999994,19.71670932991681,val,0.0,site_radio,0.497422,0.492916,0.258592,0.267603,25.95,3.09,52.96,54.81,363.0,ANFR_512985.jpg,annotation_faible
454,516764,50.108335,1.855662,39.83,12.301420872504409,train,0.0,site_radio,0.486027,0.46161,0.264932,0.313766,24.27,16.73,54.26,64.26,364.0,ANFR_516764.jpg,annotation_faible
455,517064,50.137617,1.808775,50.54,15.331434145583486,train,0.0,site_radio,0.48227,0.451288,0.322954,0.384919,29.44,21.23,66.14,78.83,365.0,ANFR_517064.jpg,annotation_faible
456,517258,49.906726,2.271842,14.960000000000004,14.196961363121815,train,0.0,site_radio,0.494752,0.485581,0.217459,0.235801,21.19,6.29,44.54,48.29,366.0,ANFR_517258.jpg,annotation_faible
457,517564,50.180154,1.501104,40.330000000000005,1.3570374261193665,train,0.0,site_radio,0.485852,0.461128,0.159381,0.208827,13.42,16.94,32.64,42.77,367.0,ANFR_517564.jpg,annotation_faible
458,519482,49.681483,2.476645,35.86999999999999,21.25406522546935,train,0.0,site_radio,0.487417,0.465427,0.341847,0.385826,32.43,15.07,70.01,79.02,368.0,ANFR_519482.jpg,annotation_faible
459,521662,49.936447,2.283093,25.3,7.031133098301337,train,0.0,site_radio,0.491125,0.475615,0.174891,0.20591,16.09,10.63,35.82,42.17,369.0,ANFR_521662.jpg,annotation_faible
460,522836,49.93349,2.244423,13.380000000000004,13.55824251781223,train,0.0,site_radio,0.495306,0.487104,0.20857,0.224974,20.4,5.62,42.72,46.07,370.0,ANFR_522836.jpg,annotation_faible
461,529415,49.903802,2.308247,12.010000000000003,22.18736377923726,val,0.0,site_radio,0.495787,0.488424,0.290539,0.305264,28.89,5.05,59.5,62.52,371.0,ANFR_529415.jpg,annotation_faible
462,530781,49.995105,1.878934,15.540000000000006,0.6136533830814224,train,0.0,site_radio,0.494548,0.485022,0.08631,0.105363,7.72,6.53,17.68,21.58,372.0,ANFR_530781.jpg,annotation_faible
463,530883,50.280853,1.593077,18.3,2.678887726208485,train,0.0,site_radio,0.49358,0.482362,0.113805,0.136242,10.34,7.69,23.31,27.9,373.0,ANFR_530883.jpg,annotation_faible
465,538323,49.73354,2.777121,9.550000000000011,14.98552132599422,train,0.0,site_radio,0.49665,0.490795,0.216081,0.227789,21.44,4.01,44.25,46.65,374.0,ANFR_538323.jpg,annotation_faible
466,546663,50.040804,2.058847,6.4950000000000045,35.91503838315651,train,0.0,site_radio,0.497722,0.49374,0.415344,0.423307,42.06,2.73,85.06,86.69,375.0,ANFR_546663.jpg,annotation_faible
467,553623,50.098676,1.441927,35.709999999999994,0.8800304968422494,train,0.0,site_radio,0.487473,0.465581,0.142457,0.18624,12.02,15.0,29.18,38.14,376.0,ANFR_553623.jpg,annotation_faible
468,555622,49.901308,2.29854,15.53,10.325101679063009,train,0.0,site_radio,0.494552,0.485032,0.181122,0.200162,17.43,6.52,37.09,40.99,377.0,ANFR_555622.jpg,annotation_faible
469,560055,49.818053,2.026546,37.59,8.680305050223113,val,0.0,site_radio,0.486813,0.463769,0.223623,0.26971,20.2,15.79,45.8,55.24,378.0,ANFR_560055.jpg,annotation_faible
470,560069,49.825196,2.461036,26.06,1.5835331933311063,val,0.0,site_radio,0.490858,0.474882,0.123709,0.15566,10.8,10.95,25.34,31.88,379.0,ANFR_560069.jpg,annotation_faible
471,560515,50.265954,1.797262,25.000000000000007,13.761039428808589,val,0.0,site_radio,0.49123,0.475904,0.239816,0.270468,22.76,10.5,49.11,55.39,380.0,ANFR_560515.jpg,annotation_faible
472,567326,49.891965,2.29994,14.799999999999995,4.91839820759525,train,0.0,site_radio,0.494808,0.485735,0.126579,0.144725,11.9,6.22,25.92,29.64,9.0,ANFR_567326.jpg,annotation_faible
473,568467,49.750301,2.380315,25.72,3.734530416526006,train,0.0,site_radio,0.490977,0.47521,0.143812,0.175347,12.88,10.81,29.45,35.91,382.0,ANFR_568467.jpg,annotation_faible
474,573554,49.879697,2.302242,15.730000000000004,3.153369062359835,train,0.0,site_radio,0.494482,0.484839,0.111616,0.130902,10.3,6.61,22.86,26.81,383.0,ANFR_573554.jpg,annotation_faible
475,573924,49.963969,2.863706,47.290000000000006,11.194595784121807,train,0.0,site_radio,0.48341,0.45442,0.273927,0.331908,24.65,19.87,56.1,67.97,384.0,ANFR_573924.jpg,annotation_faible
477,590447,49.956088,1.779202,24.879999999999995,7.218868964554093,train,0.0,site_radio,0.491272,0.47602,0.175609,0.206114,16.19,10.45,35.96,42.21,271.0,ANFR_590447.jpg,annotation_faible
478,594846,49.892703,2.292097,40.0,12.322507777111593,train,0.0,site_radio,0.485968,0.461446,0.265589,0.314632,24.32,16.8,54.39,64.44,386.0,ANFR_594846.jpg,annotation_faible
480,602295,50.023157,2.32568,42.50999999999999,15.748516006223792,train,0.0,site_radio,0.485087,0.459027,0.30571,0.357829,28.25,17.86,62.61,73.28,387.0,ANFR_602295.jpg,annotation_faible
482,617870,49.761917,2.232391,42.01000000000002,1.2765727985583215,train,0.0,site_radio,0.485263,0.459509,0.163055,0.214561,13.68,17.65,33.39,43.94,388.0,ANFR_617870.jpg,annotation_faible
483,618076,49.921688,2.500261,6.110000000000007,28.547876434843253,val,0.0,site_radio,0.497857,0.494111,0.342752,0.350244,34.66,2.57,70.2,71.73,389.0,ANFR_618076.jpg,annotation_faible
484,621993,49.769051,1.978305,50.620000000000005,0.5562069526123476,train,0.0,site_radio,0.482242,0.451211,0.178877,0.24094,14.68,21.27,36.63,49.34,390.0,ANFR_621993.jpg,annotation_faible
485,629019,49.744054,3.079812,40.97,2.37004553828453,val,0.0,site_radio,0.485627,0.460512,0.170972,0.221204,14.56,17.21,35.02,45.3,391.0,ANFR_629019.jpg,annotation_faible
486,632277,49.798462,2.393947,12.740000000000007,0.2173748782920718,train,0.0,site_radio,0.495531,0.487721,0.077214,0.092834,6.99,5.35,15.81,19.01,392.0,ANFR_632277.jpg,annotation_faible
487,633319,49.789514,2.802118,5.430000000000007,1.6351158504605807,train,0.0,site_radio,0.498095,0.494766,0.078791,0.085449,7.68,2.28,16.14,17.5,393.0,ANFR_633319.jpg,annotation_faible
488,634308,49.862161,2.532269,5.070000000000007,7.62124622695212,val,0.0,site_radio,0.498221,0.495113,0.136646,0.142862,13.63,2.13,27.99,29.26,394.0,ANFR_634308.jpg,annotation_faible
489,640138,50.14946,2.359552,8.870000000000005,7.876642260148117,val,0.0,site_radio,0.496888,0.491451,0.145517,0.156392,14.26,3.73,29.8,32.03,261.0,ANFR_640138.jpg,annotation_faible
490,640662,49.995357,2.855924,24.0,0.8154473065658163,train,0.0,site_radio,0.491581,0.476868,0.11074,0.140165,9.62,10.08,22.68,28.71,396.0,ANFR_640662.jpg,annotation_faible
491,643446,50.110179,2.317805,31.17999999999998,11.132617880142485,train,0.0,site_radio,0.489062,0.469948,0.230554,0.268783,21.37,13.1,47.22,55.05,397.0,ANFR_643446.jpg,annotation_faible
492,646178,50.118719,1.575621,14.130000000000004,0.44377404648796,val,0.0,site_radio,0.495043,0.486381,0.081757,0.099082,7.36,5.94,16.74,20.29,398.0,ANFR_646178.jpg,annotation_faible
493,646725,49.975031,2.209377,28.130000000000003,5.984168694962249,val,0.0,site_radio,0.490132,0.472887,0.17218,0.206669,15.61,11.82,35.26,42.33,118.0,ANFR_646725.jpg,annotation_faible
494,647521,50.009928,2.87821,70.74000000000001,0.6093951101578866,val,0.0,site_radio,0.475184,0.431818,0.23281,0.319541,18.76,29.72,47.68,65.44,400.0,ANFR_647521.jpg,annotation_faible
496,664334,49.844966,2.785171,35.96000000000001,12.833431516354803,val,0.0,site_radio,0.487385,0.46534,0.259853,0.303943,24.03,15.11,53.22,62.25,401.0,ANFR_664334.jpg,annotation_faible
497,668824,50.089438,1.479549,35.000000000000014,0.4527307659904729,train,0.0,site_radio,0.487722,0.466266,0.1364,0.179312,11.45,14.7,27.93,36.72,402.0,ANFR_668824.jpg,annotation_faible
498,677924,49.821736,2.085742,30.03,0.3566587490575992,train,0.0,site_radio,0.489465,0.471056,0.122267,0.159086,10.36,12.62,25.04,32.58,403.0,ANFR_677924.jpg,annotation_faible
499,682102,50.180525,1.631967,2.530000000000001,27.55172962069528,train,0.0,site_radio,0.499112,0.497561,0.327017,0.330119,33.3,1.06,66.97,67.61,404.0,ANFR_682102.jpg,annotation_faible
501,685529,50.240095,1.665353,32.29,17.951178345394545,val,0.0,site_radio,0.488672,0.468878,0.300089,0.339678,28.41,13.57,61.46,69.57,405.0,ANFR_685529.jpg,annotation_faible
503,695366,49.885591,2.305961,13.639999999999992,10.036342455420868,train,0.0,site_radio,0.495215,0.486853,0.174612,0.191336,16.9,5.73,35.76,39.19,406.0,ANFR_695366.jpg,annotation_faible
504,695381,49.908638,2.318905,26.620000000000005,3.2117252057218737,train,0.0,site_radio,0.490661,0.474343,0.141096,0.173734,12.54,11.18,28.9,35.58,407.0,ANFR_695381.jpg,annotation_faible
505,697990,49.911028,2.301138,14.059999999999995,20.276189088167573,train,0.0,site_radio,0.495068,0.486448,0.275316,0.292554,27.18,5.91,56.38,59.92,320.0,ANFR_697990.jpg,annotation_faible
506,698402,50.094267,2.396559,32.920000000000016,0.5067127956039107,train,0.0,site_radio,0.488451,0.46827,0.131405,0.171767,11.09,13.83,26.91,35.18,409.0,ANFR_698402.jpg,annotation_faible
507,698408,50.043564,2.282524,34.95000000000002,5.5006227688852585,train,0.0,site_radio,0.487739,0.466314,0.185563,0.228413,16.49,14.68,38.0,46.78,410.0,ANFR_698408.jpg,annotation_faible
508,700789,50.141249,1.946968,30.00999999999999,15.475249842929268,train,0.0,site_radio,0.489472,0.471075,0.269857,0.306651,25.48,12.61,55.27,62.8,411.0,ANFR_700789.jpg,annotation_faible
509,702003,49.990843,2.652852,15.079999999999998,5.442342001703234,train,0.0,site_radio,0.49471,0.485465,0.132244,0.150733,12.46,6.34,27.08,30.87,412.0,ANFR_702003.jpg,annotation_faible
510,703972,49.89189,2.237873,30.10000000000001,14.492382778862368,train,0.0,site_radio,0.489441,0.470988,0.260497,0.297402,24.51,12.65,53.35,60.91,413.0,ANFR_703972.jpg,annotation_faible
511,707978,49.623497,2.756597,45.46000000000001,1.722268597495344,train,0.0,site_radio,0.484052,0.456184,0.176566,0.232303,14.81,19.1,36.16,47.58,414.0,ANFR_707978.jpg,annotation_faible
512,709400,49.876556,2.839295,50.02000000000001,1.971935791279924,val,0.0,site_radio,0.482453,0.451789,0.19111,0.252437,15.98,21.01,39.14,51.7,415.0,ANFR_709400.jpg,annotation_faible
513,730734,49.694471,2.55725,40.52000000000001,3.6020680774204585,val,0.0,site_radio,0.485785,0.460945,0.181809,0.231489,15.71,17.02,37.23,47.41,416.0,ANFR_730734.jpg,annotation_faible
514,738362,49.781246,2.997348,30.010000000000005,0.2089208962880929,train,0.0,site_radio,0.489472,0.471075,0.120772,0.157566,10.21,12.61,24.73,32.27,417.0,ANFR_738362.jpg,annotation_faible
515,739325,49.829474,2.317847,6.649999999999992,5.770396175258933,train,0.0,site_radio,0.497667,0.49359,0.121222,0.129376,11.94,2.79,24.83,26.5,418.0,ANFR_739325.jpg,annotation_faible
516,739396,50.002211,2.312155,15.669999999999987,15.975680278084164,train,0.0,site_radio,0.494503,0.484897,0.236675,0.255887,23.11,6.58,48.47,52.41,419.0,ANFR_739396.jpg,annotation_faible
517,742978,50.010003,1.695234,11.670000000000002,3.1627260465976352,train,0.0,site_radio,0.495906,0.488752,0.104181,0.118489,9.83,4.9,21.34,24.27,420.0,ANFR_742978.jpg,annotation_faible
518,744897,49.947161,1.642974,15.199999999999989,8.989025715358668,train,0.0,site_radio,0.494668,0.48535,0.167198,0.185834,16.03,6.39,34.24,38.06,421.0,ANFR_744897.jpg,annotation_faible
519,758691,49.861598,2.472908,36.05,0.5250347402795491,val,0.0,site_radio,0.487353,0.465254,0.139893,0.184093,11.74,15.15,28.65,37.7,422.0,ANFR_758691.jpg,annotation_faible
520,759584,49.920993,2.919537,31.26,14.7541933723941,train,0.0,site_radio,0.489034,0.46987,0.266134,0.30446,25.01,13.13,54.5,62.35,423.0,ANFR_759584.jpg,annotation_faible
521,761143,49.809609,1.970883,51.19,13.107097773357784,val,0.0,site_radio,0.482042,0.450661,0.302958,0.36572,27.35,21.51,62.05,74.9,424.0,ANFR_761143.jpg,annotation_faible
523,788587,50.081954,2.717157,50.02000000000001,15.238152627652834,val,0.0,site_radio,0.482453,0.451789,0.320663,0.38199,29.24,21.01,65.67,78.23,425.0,ANFR_788587.jpg,annotation_faible
524,797539,49.741187,1.997835,2.1299999999999955,19.156091963124112,train,0.0,site_radio,0.499253,0.497947,0.244357,0.246968,24.87,0.89,50.04,50.58,426.0,ANFR_797539.jpg,annotation_faible
525,801449,49.842387,2.916067,29.97,0.4002701984814867,train,0.0,site_radio,0.489486,0.471114,0.122534,0.159279,10.39,12.59,25.09,32.62,427.0,ANFR_801449.jpg,annotation_faible
526,801605,50.242623,1.951443,29.989999999999995,0.3820311774109706,train,0.0,site_radio,0.489479,0.471095,0.122409,0.159178,10.38,12.6,25.07,32.6,428.0,ANFR_801605.jpg,annotation_faible
527,801845,50.136513,2.013832,35.93999999999998,1.6370113375999182,train,0.0,site_radio,0.487392,0.46536,0.15046,0.194525,12.83,15.1,30.81,39.84,429.0,ANFR_801845.jpg,annotation_faible
528,806159,50.069275,1.991152,34.47999999999999,12.378342441354633,train,0.0,site_radio,0.487904,0.466767,0.25148,0.293755,23.27,14.49,51.5,60.16,430.0,ANFR_806159.jpg,annotation_faible
531,816577,49.999,2.663033,25.89999999999999,1.060044153584399,train,0.0,site_radio,0.490914,0.475037,0.118172,0.149927,10.24,10.88,24.2,30.71,356.0,ANFR_816577.jpg,annotation_faible
532,816599,50.028886,2.921614,53.47,3.766219070526744,train,0.0,site_radio,0.481242,0.448464,0.217791,0.283348,18.46,22.46,44.6,58.03,432.0,ANFR_816599.jpg,annotation_faible
533,817105,49.893925,2.274514,59.97,6.385436603996089,train,0.0,site_radio,0.478962,0.442199,0.260625,0.334152,22.38,25.19,53.38,68.43,433.0,ANFR_817105.jpg,annotation_faible
534,817107,49.871913,2.331762,6.310000000000002,17.475814509331443,train,0.0,site_radio,0.497786,0.493918,0.234962,0.242699,23.61,2.65,48.12,49.7,51.0,ANFR_817107.jpg,annotation_faible
535,817111,49.71508,2.077283,39.61,2.652112184488306,val,0.0,site_radio,0.486104,0.461822,0.170116,0.218681,14.57,16.64,34.84,44.79,435.0,ANFR_817111.jpg,annotation_faible
536,817113,49.702071,2.642801,34.92,14.142787820758606,train,0.0,site_radio,0.48775,0.466343,0.269879,0.312693,25.13,14.67,55.27,64.04,436.0,ANFR_817113.jpg,annotation_faible
537,817115,50.013042,1.515141,35.75,0.8313750313210889,train,0.0,site_radio,0.487459,0.465543,0.142088,0.18592,11.98,15.02,29.1,38.08,437.0,ANFR_817115.jpg,annotation_faible
538,817132,49.886898,2.280612,15.86999999999999,6.603025080735448,train,0.0,site_radio,0.494433,0.484704,0.145676,0.165133,13.78,6.67,29.83,33.82,438.0,ANFR_817132.jpg,annotation_faible
539,817140,49.909243,1.867939,30.079999999999984,0.7247545029827439,train,0.0,site_radio,0.489448,0.471008,0.125995,0.162875,10.74,12.64,25.8,33.36,439.0,ANFR_817140.jpg,annotation_faible
540,817142,49.883203,1.760671,29.950000000000003,20.141784729173537,train,0.0,site_radio,0.489493,0.471133,0.315269,0.35199,30.13,12.58,64.57,72.09,440.0,ANFR_817142.jpg,annotation_faible
541,817178,49.868284,2.378811,17.570000000000007,3.1703425233238733,train,0.0,site_radio,0.493836,0.483065,0.116667,0.138209,10.68,7.38,23.89,28.31,441.0,ANFR_817178.jpg,annotation_faible
542,817319,49.871099,2.296913,14.720000000000011,2.6456724866160903,val,0.0,site_radio,0.494836,0.485812,0.10425,0.122298,9.62,6.18,21.35,25.05,442.0,ANFR_817319.jpg,annotation_faible
543,817359,50.106042,1.834192,42.02,7.922214413267858,val,0.0,site_radio,0.485259,0.4595,0.22798,0.279499,20.33,17.65,46.69,57.24,443.0,ANFR_817359.jpg,annotation_faible
544,817403,50.254821,1.747413,49.86,0.1232546194070976,train,0.0,site_radio,0.482509,0.451943,0.172632,0.233763,14.1,20.95,35.35,47.87,444.0,ANFR_817403.jpg,annotation_faible
545,817420,49.702707,2.766695,12.430000000000009,16.84914795233,val,0.0,site_radio,0.495639,0.488019,0.239113,0.254353,23.59,5.22,48.97,52.09,445.0,ANFR_817420.jpg,annotation_faible
546,817422,49.9248,2.297352,15.259999999999998,30.540587149651827,val,0.0,site_radio,0.494647,0.485292,0.377822,0.396531,37.59,6.41,77.38,81.21,446.0,ANFR_817422.jpg,annotation_faible
547,817424,49.925337,2.950888,20.67,7.694058388804121,train,0.0,site_radio,0.492749,0.480077,0.169073,0.194416,15.83,8.68,34.63,39.82,447.0,ANFR_817424.jpg,annotation_faible
548,832948,49.994389,2.717998,12.909999999999997,42.21083426740392,val,0.0,site_radio,0.495471,0.487557,0.487591,0.50342,49.0,5.42,99.86,103.1,448.0,ANFR_832948.jpg,annotation_faible
549,850136,50.061557,1.400678,24.85,14.98695015631989,train,0.0,site_radio,0.491282,0.476049,0.25139,0.281857,23.96,10.44,51.48,57.72,449.0,ANFR_850136.jpg,annotation_faible
551,884835,49.874736,2.314968,26.989999999999995,2.7793397023813338,train,0.0,site_radio,0.490532,0.473986,0.137856,0.170947,12.18,11.34,28.23,35.01,450.0,ANFR_884835.jpg,annotation_faible
553,954401,49.956324,2.058412,15.029999999999994,0.7475275740170111,train,0.0,site_radio,0.494727,0.485514,0.086263,0.104691,7.75,6.31,17.67,21.44,451.0,ANFR_954401.jpg,annotation_faible
554,993841,50.104858,1.454119,52.69999999999999,0.771051679193596,train,0.0,site_radio,0.481512,0.449206,0.186497,0.25111,15.31,22.14,38.19,51.43,452.0,ANFR_993841.jpg,annotation_faible
1,1007156,50.117991,1.658814,,0.0,test,,,,,,,,,,,,ANFR_1007156.jpg,douteux_non_recale
2,1010485,50.0575,1.722778,,0.0,test,,,,,,,,,,,,ANFR_1010485.jpg,douteux_non_recale
11,1212322,49.993889,1.816389,,0.0,test,,,,,,,,,,,,ANFR_1212322.jpg,douteux_non_recale
12,1279490,49.970347,2.81949,,0.0,test,,,,,,,,,,,,ANFR_1279490.jpg,douteux_non_recale
23,1456691,50.093712,1.826354,,0.0,test,,,,,,,,,,,,ANFR_1456691.jpg,douteux_non_recale
30,1511237,50.0675,1.604167,,0.0,test,,,,,,,,,,,,ANFR_1511237.jpg,douteux_non_recale
31,1513339,50.135,1.944722,,0.0,test,,,,,,,,,,,,ANFR_1513339.jpg,douteux_non_recale
37,1568341,50.172683,1.770455,,0.0,test,,,,,,,,,,,,ANFR_1568341.jpg,douteux_non_recale
38,1568371,49.877222,1.978333,,0.0,test,,,,,,,,,,,,ANFR_1568371.jpg,douteux_non_recale
49,1584204,49.820278,2.822778,,0.0,test,,,,,,,,,,,,ANFR_1584204.jpg,douteux_non_recale
56,1596728,49.772974,2.469121,,0.0,test,,,,,,,,,,,,ANFR_1596728.jpg,douteux_non_recale
58,1597175,49.899416,2.348421,,0.0,test,,,,,,,,,,,,ANFR_1597175.jpg,douteux_non_recale
67,1597519,49.999202,2.482625,,0.0,test,,,,,,,,,,,,ANFR_1597519.jpg,douteux_non_recale
94,1669326,49.736389,2.225,,0.0,test,,,,,,,,,,,,ANFR_1669326.jpg,douteux_non_recale
96,1679737,49.814167,2.665833,,0.0,test,,,,,,,,,,,,ANFR_1679737.jpg,douteux_non_recale
97,1681423,50.06866,1.5965,,0.0,test,,,,,,,,,,,,ANFR_1681423.jpg,douteux_non_recale
105,1710227,49.739181,3.048552,,0.0,test,,,,,,,,,,,,ANFR_1710227.jpg,douteux_non_recale
110,1734215,49.847222,2.829444,,0.0,test,,,,,,,,,,,,ANFR_1734215.jpg,douteux_non_recale
111,1737051,49.900278,2.357778,,0.0,test,,,,,,,,,,,,ANFR_1737051.jpg,douteux_non_recale
119,1792887,49.82866,3.024667,,0.0,test,,,,,,,,,,,,ANFR_1792887.jpg,douteux_non_recale
123,1831346,49.744722,1.931389,,0.0,test,,,,,,,,,,,,ANFR_1831346.jpg,douteux_non_recale
127,1851458,50.321667,1.555,,0.0,test,,,,,,,,,,,,ANFR_1851458.jpg,douteux_non_recale
141,1950123,49.778819,1.863503,,0.0,test,,,,,,,,,,,,ANFR_1950123.jpg,douteux_non_recale
142,1950494,49.789144,1.986047,,0.0,test,,,,,,,,,,,,ANFR_1950494.jpg,douteux_non_recale
154,2049015,50.071111,2.54,,0.0,test,,,,,,,,,,,,ANFR_2049015.jpg,douteux_non_recale
156,2079587,49.688397,2.778295,,0.0,test,,,,,,,,,,,,ANFR_2079587.jpg,douteux_non_recale
180,2263010,50.195232,2.259707,,0.0,test,,,,,,,,,,,,ANFR_2263010.jpg,douteux_non_recale
190,2311941,50.038333,3.028333,,0.0,test,,,,,,,,,,,,ANFR_2311941.jpg,douteux_non_recale
198,2368665,50.132251,1.616366,,0.0,test,,,,,,,,,,,,ANFR_2368665.jpg,douteux_non_recale
201,2385920,49.734362,1.955556,,0.0,test,,,,,,,,,,,,ANFR_2385920.jpg,douteux_non_recale
215,2479993,49.873889,2.671389,,0.0,test,,,,,,,,,,,,ANFR_2479993.jpg,douteux_non_recale
226,2501177,49.977629,2.108055,,0.0,test,,,,,,,,,,,,ANFR_2501177.jpg,douteux_non_recale
232,2516570,49.765278,2.783889,,0.0,test,,,,,,,,,,,,ANFR_2516570.jpg,douteux_non_recale
233,2516581,49.910833,1.790833,,0.0,test,,,,,,,,,,,,ANFR_2516581.jpg,douteux_non_recale
240,2532695,49.900048,2.434185,,0.0,test,,,,,,,,,,,,ANFR_2532695.jpg,douteux_non_recale
245,2543945,49.744444,1.931389,,0.0,test,,,,,,,,,,,,ANFR_2543945.jpg,douteux_non_recale
246,2554661,49.896526,1.953953,,0.0,test,,,,,,,,,,,,ANFR_2554661.jpg,douteux_non_recale
249,2559587,49.886667,2.152778,,0.0,test,,,,,,,,,,,,ANFR_2559587.jpg,douteux_non_recale
251,2567246,49.727674,2.257047,,0.0,test,,,,,,,,,,,,ANFR_2567246.jpg,douteux_non_recale
264,2636551,49.800436,2.273438,,0.0,test,,,,,,,,,,,,ANFR_2636551.jpg,douteux_non_recale
266,2640050,50.070833,1.541667,,0.0,test,,,,,,,,,,,,ANFR_2640050.jpg,douteux_non_recale
272,2650209,49.900278,2.64,,0.0,test,,,,,,,,,,,,ANFR_2650209.jpg,douteux_non_recale
274,2654106,50.124986,2.494635,,0.0,test,,,,,,,,,,,,ANFR_2654106.jpg,douteux_non_recale
275,2659994,50.075522,1.939039,,0.0,test,,,,,,,,,,,,ANFR_2659994.jpg,douteux_non_recale
276,2662883,50.040278,2.455278,,0.0,test,,,,,,,,,,,,ANFR_2662883.jpg,douteux_non_recale
281,2684361,50.011667,1.903611,,0.0,test,,,,,,,,,,,,ANFR_2684361.jpg,douteux_non_recale
283,2690727,50.025278,1.755278,,0.0,test,,,,,,,,,,,,ANFR_2690727.jpg,douteux_non_recale
284,2697178,50.306027,1.914107,,0.0,test,,,,,,,,,,,,ANFR_2697178.jpg,douteux_non_recale
285,2701364,49.831091,2.070278,,0.0,test,,,,,,,,,,,,ANFR_2701364.jpg,douteux_non_recale
289,2713171,50.242235,1.8789,,0.0,test,,,,,,,,,,,,ANFR_2713171.jpg,douteux_non_recale
292,2734984,49.589841,2.666604,,0.0,test,,,,,,,,,,,,ANFR_2734984.jpg,douteux_non_recale
295,2755704,49.740278,3.043333,,0.0,test,,,,,,,,,,,,ANFR_2755704.jpg,douteux_non_recale
300,2817293,50.318985,1.583005,,0.0,test,,,,,,,,,,,,ANFR_2817293.jpg,douteux_non_recale
301,2828017,50.19757,1.51777,,0.0,test,,,,,,,,,,,,ANFR_2828017.jpg,douteux_non_recale
302,2839581,49.965833,1.6925,,0.0,test,,,,,,,,,,,,ANFR_2839581.jpg,douteux_non_recale
308,2876424,49.653803,2.599278,,0.0,test,,,,,,,,,,,,ANFR_2876424.jpg,douteux_non_recale
309,2880306,49.71374,3.014248,,0.0,test,,,,,,,,,,,,ANFR_2880306.jpg,douteux_non_recale
310,2885698,49.935,2.245555,,0.0,test,,,,,,,,,,,,ANFR_2885698.jpg,douteux_non_recale
311,2886199,50.125,2.450556,,0.0,test,,,,,,,,,,,,ANFR_2886199.jpg,douteux_non_recale
318,2917087,50.054633,2.31798,,0.0,test,,,,,,,,,,,,ANFR_2917087.jpg,douteux_non_recale
319,2937855,49.958297,2.155165,,0.0,test,,,,,,,,,,,,ANFR_2937855.jpg,douteux_non_recale
322,2957112,50.010546,1.636509,,0.0,test,,,,,,,,,,,,ANFR_2957112.jpg,douteux_non_recale
326,2970803,49.885383,2.149838,,0.0,test,,,,,,,,,,,,ANFR_2970803.jpg,douteux_non_recale
331,2989296,50.002222,2.581945,,0.0,test,,,,,,,,,,,,ANFR_2989296.jpg,douteux_non_recale
333,2990362,49.750556,2.989445,,0.0,test,,,,,,,,,,,,ANFR_2990362.jpg,douteux_non_recale
346,3039108,50.082366,2.126872,,0.0,test,,,,,,,,,,,,ANFR_3039108.jpg,douteux_non_recale
349,3041144,49.766666,2.853334,,0.0,test,,,,,,,,,,,,ANFR_3041144.jpg,douteux_non_recale
353,3050570,50.089167,1.918333,,0.0,test,,,,,,,,,,,,ANFR_3050570.jpg,douteux_non_recale
355,3062801,50.1525,2.116944,,0.0,test,,,,,,,,,,,,ANFR_3062801.jpg,douteux_non_recale
359,3080386,50.255833,1.88,,0.0,test,,,,,,,,,,,,ANFR_3080386.jpg,douteux_non_recale
360,3091650,50.007797,3.132832,,0.0,test,,,,,,,,,,,,ANFR_3091650.jpg,douteux_non_recale
361,3097729,49.961667,3.014167,,0.0,test,,,,,,,,,,,,ANFR_3097729.jpg,douteux_non_recale
362,3097731,49.937778,2.142778,,0.0,test,,,,,,,,,,,,ANFR_3097731.jpg,douteux_non_recale
363,3097902,49.910247,2.850806,,0.0,test,,,,,,,,,,,,ANFR_3097902.jpg,douteux_non_recale
372,3118421,49.963333,2.598333,,0.0,test,,,,,,,,,,,,ANFR_3118421.jpg,douteux_non_recale
373,3120599,50.15,1.68,,0.0,test,,,,,,,,,,,,ANFR_3120599.jpg,douteux_non_recale
376,3143567,49.784167,2.690278,,0.0,test,,,,,,,,,,,,ANFR_3143567.jpg,douteux_non_recale
378,3161562,50.018611,2.833611,,0.0,test,,,,,,,,,,,,ANFR_3161562.jpg,douteux_non_recale
379,3182931,49.991389,1.772778,,0.0,test,,,,,,,,,,,,ANFR_3182931.jpg,douteux_non_recale
383,3204158,49.948889,2.553889,,0.0,test,,,,,,,,,,,,ANFR_3204158.jpg,douteux_non_recale
385,3244662,49.676667,2.769722,,0.0,test,,,,,,,,,,,,ANFR_3244662.jpg,douteux_non_recale
388,3276112,50.105977,2.334851,,0.0,test,,,,,,,,,,,,ANFR_3276112.jpg,douteux_non_recale
391,3300148,49.925556,2.269167,,0.0,test,,,,,,,,,,,,ANFR_3300148.jpg,douteux_non_recale
400,435641,50.0125,1.83,,0.0,test,,,,,,,,,,,,ANFR_435641.jpg,douteux_non_recale
401,437488,49.765064,2.909232,,0.0,test,,,,,,,,,,,,ANFR_437488.jpg,douteux_non_recale
406,450535,49.967006,1.955045,,0.0,test,,,,,,,,,,,,ANFR_450535.jpg,douteux_non_recale
412,462036,49.876111,2.323333,,0.0,test,,,,,,,,,,,,ANFR_462036.jpg,douteux_non_recale
414,472746,49.751519,2.989546,,0.0,test,,,,,,,,,,,,ANFR_472746.jpg,douteux_non_recale
450,508958,49.818889,2.809722,,0.0,test,,,,,,,,,,,,ANFR_508958.jpg,douteux_non_recale
464,531215,50.133611,2.556111,,0.0,test,,,,,,,,,,,,ANFR_531215.jpg,douteux_non_recale
476,587183,49.910662,2.851263,,0.0,test,,,,,,,,,,,,ANFR_587183.jpg,douteux_non_recale
479,601450,49.700106,2.791264,,0.0,test,,,,,,,,,,,,ANFR_601450.jpg,douteux_non_recale
481,605710,50.003889,2.642222,,0.0,test,,,,,,,,,,,,ANFR_605710.jpg,douteux_non_recale
495,650117,49.917769,2.992976,,0.0,test,,,,,,,,,,,,ANFR_650117.jpg,douteux_non_recale
500,683244,49.840833,1.748611,,0.0,test,,,,,,,,,,,,ANFR_683244.jpg,douteux_non_recale
502,690774,49.935218,2.269504,,0.0,test,,,,,,,,,,,,ANFR_690774.jpg,douteux_non_recale
522,771841,49.946389,2.935556,,0.0,test,,,,,,,,,,,,ANFR_771841.jpg,douteux_non_recale
529,814908,50.023124,2.068603,,0.0,test,,,,,,,,,,,,ANFR_814908.jpg,douteux_non_recale
530,816571,49.650833,2.582222,,0.0,test,,,,,,,,,,,,ANFR_816571.jpg,douteux_non_recale
550,851972,50.182633,1.877067,,0.0,test,,,,,,,,,,,,ANFR_851972.jpg,douteux_non_recale
552,953437,50.034444,2.666111,,0.0,test,,,,,,,,,,,,ANFR_953437.jpg,douteux_non_recale
