id,sup_id,x_recal,y_recal,lat,lon,height_m,offset_m
1,1007156,603980.7000773,7003007.70455037,50.117991,1.658814,,0.0
2,1010485,608450.6732640498,6996197.305755401,50.0575,1.722778,,0.0
3,105408,592448.17,7010177.8100000005,50.180504,1.495859,10.39,13.298867751107997
4,105438,628791.41,6977520.17,49.892376,2.009789,27.319999999999997,0.5141234501111818
5,105442,610253.16,7016636.25,50.241285,1.743383,3.0700000000000003,7.527339577953045
6,105470,639208.16,6965444.92,49.784987,2.156424,7.1200000000000045,34.27975905297138
7,1185884,644389.9500000001,6974272.33,49.864765,2.227125,25.32999999999999,29.207601305832693
8,1193708,652191.77,6978306.99,49.901646,2.335078,5.860000000000007,13.564632131030065
9,1208432,678520.96,6960336.93,49.741647,2.702204,25.52,2.55757474075427
10,1208443,594963.4,6992455.16,50.021792,1.535623,30.049999999999983,3.0823576645785877
11,1212322,615053.8959325887,6989011.305934914,49.993889,1.816389,,0.0
12,1279490,687038.60001043,6985768.5045624,49.970347,2.81949,,0.0
13,1282638,620661.9,7002520.83,50.115942,1.891877,30.03,0.2254492693714528
14,1289160,649618.65,6977309.24,49.892484,2.299415,15.950000000000005,2.752123473997792
15,1402312,651697.3,6976683.140000001,49.887022,2.328393,30.28,1.1123957659245776
16,1411548,643086.26,6975455.79,49.87528,2.208842,40.010000000000005,1.3924908998081698
17,1412337,713914.67,6987572.38,49.986529,3.193847,43.140000000000015,15.569615825805563
18,1415008,608117.88,7016001.75,50.235279,1.713635,26.47,18.13335347933612
19,1419079,620519.42,6972970.86,49.850525,1.895659,35.29000000000002,8.19795395835094
20,1422987,597335.5700000001,7007603.25,50.158205,1.564849,33.31,3.4859909773577216
21,1429406,679158.92,6975634.43,49.879103,2.710271,42.60999999999999,1.6466080734668571
22,1445381,609489.97,7020923.48,50.279665,1.731735,35.129999999999995,0.4366431724381448
23,1456691,615934.20006767,7000113.60455242,50.093712,1.826354,,0.0
24,1459014,695469.23,6981752.46,49.934389,2.936946,19.86,6.170692866606204
25,1484712,612717.09,7027309.07,50.337448,1.77556,40.02,5.807910205024804
26,1498704,643459.26,6982866.15,49.941878,2.213,12.200000000000005,0.8347794036359847
27,1499221,675505.47,6972581.0,49.851541,2.659665,10.010000000000003,0.5482365907570101
28,1501778,688295.87,6976230.2,49.88469,2.837274,30.08,5.149514378323924
29,1505766,642451.05,6996246.9,50.061968,2.197074,24.97,10.919335703234523
30,1511237,599969.3400395327,6997454.452335681,50.0675,1.604167,,0.0
31,1513339,624473.5852836828,7004590.932497351,50.135,1.944722,,0.0
32,1518675,655446.89,6991542.78,50.020771,2.3789,30.66,24.025179019567837
33,1532430,648819.39,6976919.32,49.888917,2.288351,25.45,3.3731523188385357
34,1536781,627113.04,6990781.66,50.011297,1.98408,11.5,22.95689050805093
35,1541730,644541.6900000001,6974361.45,49.865579,2.229221,6.450000000000003,37.08393544155167
36,1567073,672495.78,6963564.46,49.770412,2.618453,42.85,1.49043914948996
37,1568341,612067.5000708,7008967.10454619,50.172683,1.770455,,0.0
38,1568371,626507.6813316627,6975862.309853606,49.877222,1.978333,,0.0
39,1568661,630208.35,6993262.05,50.033924,2.026792,24.51,28.47373314498821
40,1568671,633045.05,7008561.76,50.171627,2.063816,4.600000000000023,36.516954577148034
41,1568728,634675.99,6976592.600000001,49.884679,2.091759,30.120000000000005,8.213170989068544
42,1568743,639922.85,7003280.57,50.124897,2.16076,30.97,0.682004273665469
43,1568754,637394.68,6998382.0600000005,50.080661,2.126203,14.61,0.3124655104532732
44,1570162,619535.7000000001,7010888.0,50.190931,1.874484,2.0600000000000023,13.261170033609565
45,1576628,638124.12,6985380.46,49.963962,2.138364,39.35000000000001,23.560365773604243
46,1582776,642529.26,6981424.5600000005,49.928845,2.20026,10.759999999999998,32.07689588194748
47,1582793,644703.74,6974339.05,49.865392,2.231477,8.990000000000002,22.78784921174314
48,1582797,645280.97,6992938.34,50.032505,2.237001,14.25,0.5362847931658559
49,1584204,687237.1690234237,6969062.584058748,49.820278,2.822778,,0.0
50,1586021,617405.98,6968563.600000001,49.810535,1.853295,37.79999999999998,3.5766011201991303
51,1587783,601488.91,7010457.32,50.184495,1.622201,35.19,19.192326533562262
52,1588901,652112.58,6996994.98,50.069494,2.331777,20.850000000000023,9.658097077716857
53,1592029,648485.41,6977711.32,49.896004,2.283607,14.78,11.884398388385248
54,1595236,643860.77,6978793.26,49.905329,2.219149,13.329999999999998,1.063414478144611
55,1596626,654057.4,6977195.19,49.891798,2.361149,7.660000000000004,7.4612093801695005
56,1596728,661733.10003077,6963911.70457704,49.772974,2.469121,,0.0
57,1596751,661190.66,6969727.04,49.825186,2.461045,15.099999999999994,0.3378071088185315
58,1597175,653149.10003769,6978050.70456761,49.899416,2.348421,,0.0
59,1597179,654301.49,6986801.99,49.978108,2.363466,2.259999999999991,20.45827293281523
60,1597225,650316.25,6979193.9,49.909469,2.308886,14.799999999999995,2.7070601718148204
61,1597232,653267.24,6974331.92,49.866019,2.35049,14.259999999999998,11.348313983406465
62,1597237,649312.27,6976481.33,49.885022,2.295258,14.450000000000005,2.8609088998060264
63,1597246,650546.42,6975479.08,49.876117,2.312538,14.740000000000002,2.774542170559585
64,1597262,651925.33,6974999.26,49.871913,2.331762,6.310000000000002,17.475814509331443
65,1597267,651877.9400000001,6976454.62,49.884983,2.330931,9.310000000000002,13.0625852947624
66,1597272,650194.13,6976745.390000001,49.887464,2.307486,12.979999999999997,4.081226952612294
67,1597519,662871.50002988,6989087.80456012,49.999202,2.482625,,0.0
68,1597686,662480.9500000001,6984156.53,49.954886,2.477638,42.05999999999999,0.9288414752614966
69,1597728,669315.79,6970682.47,49.834216,2.573807,31.200000000000003,1.4287088900349108
70,1601292,655323.88,6968372.17,49.812627,2.379723,24.05000000000001,14.159917897980948
71,1603408,664999.7000000001,6979758.0200000005,49.91552,2.513082,8.269999999999996,18.489093394259772
72,1603428,651581.89,6978449.41,49.902879,2.326579,10.840000000000003,32.792596922031755
73,1609932,657843.17,6975430.3100000005,49.876207,2.413972,25.61,0.8350589785608811
74,1613237,607012.23,6977797.67,49.89204,1.706917,31.760000000000005,0.4666631932342048
75,1618812,661015.21,6977842.17,49.898077,2.457835,6.039999999999999,34.05502440256418
76,1623313,649999.39,6980958.68,49.925296,2.304262,6.140000000000001,23.57499814513164
77,1628010,668857.15,6985550.25,49.967751,2.566303,12.459999999999994,6.874067425741478
78,1629678,675326.85,6989350.33,50.00217,2.656168,23.959999999999997,7.106165326036208
79,1632824,651712.79,6984953.94,49.961316,2.327629,27.099999999999994,12.297039799159723
80,1634367,650966.9400000001,6979289.69,49.91038,2.317925,48.00000000000001,15.560017599556254
81,1637044,643459.26,6982866.15,49.941878,2.213,12.200000000000005,0.8347794036359847
82,1637416,653659.58,6975370.5200000005,49.875377,2.355824,8.260000000000002,29.62526068884939
83,1640108,672376.22,6950417.83,49.652283,2.617677,24.99000000000001,9.916769978571358
84,1640634,665946.96,6957852.68,49.718775,2.528081,7.340000000000003,12.75839885052502
85,1642091,668989.12,6950359.37,49.651601,2.570804,3.549999999999997,23.350872292589028
86,1644595,662225.27,6997511.8,50.074823,2.472837,44.96000000000001,12.032625308514078
87,1645462,642243.6,6966100.640000001,49.791162,2.198449,19.82,0.7129339019425799
88,1651219,700384.4500000001,6987810.32,49.98882,3.005356,58.21000000000001,1.0853738653017817
89,1651248,617199.24,6964609.67,49.774989,1.851223,35.05000000000001,8.183872865585194
90,1655139,658327.83,7010897.62,50.194786,2.417069,40.0,11.394358833517243
91,1656523,647531.75,6976683.96,49.886697,2.270478,26.4,6.552744204092124
92,1660090,607512.61,6978519.05,49.898592,1.71371,30.53,1.7107960441820245
93,1669319,646521.99,6964531.67,49.777442,2.258026,30.180000000000007,24.549471625020907
94,1669326,644096.8296104668,6959985.561769283,49.736389,2.225,,0.0
95,1679243,679150.4400000001,6974774.51,49.871377,2.710197,35.57000000000001,0.7460017650723247
96,1679737,675931.8349630614,6968418.976086292,49.814167,2.665833,,0.0
97,1681423,599422.30008096,6997593.30455415,50.06866,1.5965,,0.0
98,1682104,614808.89,6975163.890000001,49.869481,1.815869,44.47,4.775352226245188
99,1682143,593816.09,6995272.3,50.046898,1.518895,14.329999999999998,5.218298216815155
100,1685115,602169.22,6997432.37,50.067647,1.634863,35.46000000000001,0.3107232680863511
101,1685119,635489.55,6968205.61,49.80942,2.104392,6.640000000000001,29.99392027000821
102,1685137,602000.91,7014147.68,50.217709,1.628464,15.3,13.021541208682208
103,1685692,595532.42,6998347.43,50.074799,1.542037,36.27000000000001,10.808871820369308
104,1688610,703025.01,6975548.66,49.878669,3.042053,25.75,0.8554891568290477
105,1710227,703502.09999718,6960023.0045796,49.739181,3.048552,,0.0
106,1716847,651611.6,6976586.2,49.886145,2.327213,13.990000000000002,3.7778830235384784
107,1721551,695844.4500000001,6974983.49,49.873585,2.942237,41.8,2.1096403658640788
108,1721679,693372.0700000001,6961986.3,49.756796,2.90808,13.579999999999998,16.670413920164616
109,1725652,597793.89,7028133.28,50.342591,1.566044,35.05,1.556060583533719
110,1734215,687723.7528596241,6972060.7032122165,49.847222,2.829444,,0.0
111,1737051,653822.6386464698,6978141.129507193,49.900278,2.357778,,0.0
112,1738570,682407.9400000001,6949753.38,49.64667,2.756547,4.319999999999993,0.3270399098359748
113,1749553,690365.9,6980515.390000001,49.923219,2.865953,31.36,1.2145659690970083
114,1750325,694718.54,6979127.140000001,49.9108,2.926533,10.079999999999998,29.842290666834625
115,1752599,707104.68,6958198.24,49.722755,3.098466,40.97,9.920641540478249
116,1753316,648672.18,6977700.65,49.895924,2.286206,14.91,12.144958657781467
117,1770458,632611.36,6997141.350000001,50.069025,2.059654,24.349999999999994,21.773829254577297
118,1787006,649562.51,6977866.69,49.897487,2.298566,15.04,3.5587878666465227
119,1792887,701776.09999857,6969981.50457304,49.82866,3.024667,,0.0
120,1795210,602165.6,7014354.67,50.219593,1.630718,36.080000000000005,18.507644372528485
121,1809321,638416.87,6995937.62,50.058809,2.14084,25.629999999999995,0.8511520611074105
122,1812320,681155.03,6991825.07,50.024599,2.737271,25.599999999999994,0.6896175403159903
123,1831346,622931.4098563666,6961160.197938869,49.744722,1.931389,,0.0
124,1831447,678496.54,6968443.640000001,49.814481,2.70144,14.939999999999998,5.475510356905839
125,1843863,647797.04,6956739.5200000005,49.70754,2.276706,25.889999999999983,5.242249400085009
126,1848241,616209.08,6985706.54,49.964362,1.833163,40.06,3.09881350466273
127,1851458,596964.1934932934,7025817.382737452,50.321667,1.555,,0.0
128,1859174,611293.05,7023557.72,50.303572,1.756415,35.0,18.511812848320197
129,1859215,624040.6,7018472.94,50.259594,1.93606,44.77,1.3070993132488795
130,1878381,631137.47,6976925.100000001,49.88729,2.04251,23.47,20.72350311064136
131,1881032,637800.41,6971626.850000001,49.840386,2.135952,24.92,0.5862328937520271
132,1906289,662072.0,6973774.600000001,49.861601,2.472909,14.370000000000005,29.89246369372744
133,1906761,612148.11,6972359.5200000005,49.843926,1.779493,16.53,5.421617493729364
134,1914500,688468.65,6976975.99,49.891393,2.839655,15.22,0.4580286161645913
135,1916165,625582.05,6975848.23,49.876987,1.96547,24.98999999999998,0.3292405198468072
136,1916347,645784.86,6959314.57,49.730507,2.248489,39.06,12.447231309310949
137,1922304,658520.06,6982426.390000001,49.939097,2.42267,5.25,28.76719726176702
138,1930679,662100.55,6997520.2,50.074891,2.471096,10.689999999999998,24.24743788916308
139,1942314,652369.1,6962658.45,49.761079,2.339365,26.340000000000003,0.6923600390056966
140,1942316,645809.42,6968779.74,49.815546,2.247579,2.780000000000001,33.087979580874794
141,1950123,618090.40006587,6965023.10457624,49.778819,1.863503,,0.0
142,1950494,626936.60005876,6966052.00457557,49.789144,1.986047,,0.0
143,1960586,643206.24,6986522.890000001,49.974701,2.208969,23.639999999999997,14.393978315222189
144,1969595,649686.37,6976512.73,49.885334,2.300455,45.040000000000006,9.571799798399876
145,1987717,699602.04,6979968.2700000005,49.918378,2.994463,14.160000000000004,0.4413553559546864
146,2004878,696150.6,6976658.12,49.888631,2.946476,10.629999999999995,12.388201666488351
147,2007971,706217.5700000001,6984226.66,49.9566,3.086567,5.009999999999991,35.854950518286934
148,2007978,640616.1900000001,6973244.22,49.855186,2.17483,21.83999999999999,15.94506928245067
149,2008310,607570.02,7025133.87,50.317184,1.703868,30.01,21.741652158765564
150,2008833,676449.65,6971950.640000001,49.845914,2.67282,10.680000000000009,24.27366536170959
151,2008973,679011.79,6982415.57,49.940013,2.707877,12.180000000000009,12.937976825729075
152,2014207,627109.83,6991061.18,50.013807,1.983985,20.97,0.8211217072031594
153,2033289,631672.04,7013444.34,50.215321,2.043793,29.999999999999982,0.3417890959351888
154,2049015,667035.483889828,6997068.389130406,50.071111,2.54,,0.0
155,2070446,642808.43,6990570.5,50.011019,2.202859,24.91,11.79114472739953
156,2079587,683992.50001287,6954392.50458326,49.688397,2.778295,,0.0
157,2104922,701003.1,6979668.13,49.915681,3.013955,2.519999999999996,28.390928254280915
158,2112204,695456.67,6981439.8100000005,49.93158,2.936774,21.17,15.533297773338717
159,2113192,611843.1900000001,6972277.36,49.843146,1.775275,21.870000000000005,2.1568333258385626
160,2124640,701993.34,6993154.0,50.036813,3.027797,28.84999999999998,0.6883282104461356
161,2135269,634995.85,6992514.13,50.027719,2.093665,17.900000000000002,1.2620774937683066
162,2165615,601453.35,6993365.11,50.031011,1.625863,34.93999999999998,11.356807140833189
163,2174602,647395.09,6989635.84,50.003024,2.266906,24.039999999999992,0.2921154973550768
164,2179604,646382.4400000001,6984989.390000001,49.961205,2.253407,22.250000000000007,17.99317300479629
165,2191856,673063.87,6985849.18,49.97063,2.624865,28.11,1.2896794865337575
166,2193042,683601.24,6975115.41,49.874571,2.772048,17.620000000000005,18.392227062511395
167,2198833,645504.65,6975432.640000001,49.875285,2.242461,3.3200000000000003,13.830454500863048
168,2199085,611644.79,6969513.67,49.818292,1.773116,16.100000000000023,6.31558662840119
169,2201940,637537.36,6987960.28,49.987075,2.129798,10.549999999999995,15.555925768903668
170,2204125,648772.4,6978976.96,49.907397,2.287439,5.760000000000005,3.059315743949308
171,2206256,635236.6900000001,6973344.17,49.855556,2.100069,28.02000000000001,4.962006590871268
172,2206260,594636.31,6994249.3100000005,50.037849,1.530598,30.070000000000007,8.485895268892467
173,2222382,645200.2000000001,6970976.16,49.835225,2.238827,10.460000000000008,0.6919414682321021
174,2223180,631463.13,6994961.11,50.049321,2.044001,41.93000000000001,1.233574137263372
175,2228245,685192.56,6963112.94,49.76678,2.794602,15.879999999999995,20.292455296362565
176,2248405,698800.27,6973492.73,49.860205,2.983328,36.040000000000006,0.6261484394607637
177,2250761,673185.5700000001,6983971.86,49.953772,2.626683,10.490000000000007,0.8547328934511971
178,2254427,639271.36,6991153.11,50.015921,2.153476,29.180000000000007,0.4257474697950518
179,2254864,677737.18,6981480.2,49.931567,2.690187,6.530000000000001,1.8862451391505703
180,2263010,647079.20004261,7011041.50454476,50.195232,2.259707,,0.0
181,2263019,645927.78,6998875.98,50.085887,2.245228,37.24000000000001,1.8487545190114945
182,2271646,643824.06,6995865.600000001,50.058667,2.216282,13.420000000000002,0.3599836045550422
183,2286886,613194.97,7011865.22,50.198862,1.785594,35.81999999999999,0.5427439508222668
184,2293272,654235.12,6986828.38,49.978341,2.362539,36.19999999999999,2.9078576132409983
185,2300806,682877.6900000001,6983450.2700000005,49.949424,2.76164,41.86,2.960419299038669
186,2304822,590927.9500000001,7003001.4,50.115808,1.476539,18.03,11.146457317875536
187,2305996,698412.86,6960169.66,49.740506,2.977996,13.25,0.7576272202497538
188,2306566,659908.36,6961216.05,49.748642,2.444071,12.310000000000002,0.6778289236308285
189,2309494,649886.7000000001,6977122.86,49.890831,2.303166,14.979999999999997,12.071907793984003
190,2311941,702031.7440488659,6993323.2359672375,50.038333,3.028333,,0.0
191,2315068,637658.66,6994380.34,50.044748,2.130502,2.3200000000000003,28.08457976959998
192,2325162,679039.85,6972813.42,49.853756,2.70876,26.05,1.3192960295258809
193,2325819,589336.18,6998878.93,50.078513,1.455438,28.94,13.752134596474722
194,2341973,666383.59,6988855.390000001,49.997311,2.531583,29.89,17.124805278275602
195,2349451,695984.26,6968441.390000001,49.814813,2.944244,2.0600000000000023,34.70383626719192
196,2352229,607477.0,7025146.16,50.31728,1.702561,14.570000000000004,0.527980760154455
197,2368656,665356.02,6974861.49,49.871554,2.518454,25.03,39.93736342335636
198,2368665,600969.80007972,7004647.80454922,50.132251,1.616366,,0.0
199,2376660,650553.39,6975507.96,49.876377,2.312631,28.16,9.51733464605426
200,2384741,668168.26,6966380.25,49.795508,2.558203,29.989999999999995,11.870037072514087
201,2385920,624659.00006058,6959983.90457955,49.734362,1.955556,,0.0
202,2405098,693376.01,6959351.2,49.73312,2.908177,15.059999999999988,0.5553927458139817
203,2412491,637803.84,6967755.390000001,49.805607,2.136588,8.739999999999995,28.93191364664664
204,2426790,636219.0,6968122.72,49.80875,2.114531,29.3,20.717820291271074
205,2427398,680814.37,6993500.640000001,50.039638,2.732443,29.94,10.231814060911333
206,2429917,646623.98,6965125.21,49.782783,2.259364,3.500000000000014,25.5868662416772
207,2437938,682121.63,6965581.87,49.788883,2.751897,35.0,3.5163014523326543
208,2445447,668943.12,6985525.94,49.967537,2.567502,11.849999999999994,1.3672938432699089
209,2449128,666235.8,6968762.91,49.816814,2.531186,30.19000000000001,21.925552138645266
210,2449152,675301.54,6961559.640000001,49.752515,2.657495,30.02000000000001,1.7513130158548753
211,2458847,644097.17,6968307.65,49.811156,2.223871,29.91,0.088724523452452
212,2463136,642644.14,6980448.42,49.920088,2.201996,36.08,0.9400805545854212
213,2463183,647370.16,7000708.65,50.102467,2.265122,36.05000000000001,1.4606648481357345
214,2471001,653498.68,6982669.99,49.940935,2.352756,36.07000000000001,1.411956363480473
215,2479993,676359.633684015,6975064.99716532,49.873889,2.671389,,0.0
216,2482540,646693.84,6963509.28,49.768271,2.260543,17.01000000000002,0.453308441454207
217,2484088,673995.58,6989200.0,50.000766,2.637626,3.450000000000003,29.931778340866803
218,2484400,632344.75,6987372.24,49.981259,2.057561,24.3,0.7014606299509942
219,2484498,684925.92,6978303.8,49.903246,2.790344,2.0799999999999983,24.809342857685547
220,2488373,623107.18,6992674.86,50.027825,1.927893,31.03,1.9631097378215776
221,2492434,667411.63,6981646.2700000005,49.932611,2.546485,2.6500000000000057,14.122122196801396
222,2495876,652628.21,6960183.72,49.738864,2.343244,2.280000000000001,35.70944278880822
223,2495900,668132.89,6961001.13,49.747177,2.55813,5.75,7.661825551202868
224,2501056,668470.63,6966190.7700000005,49.793821,2.562414,4.739999999999995,15.769883323163278
225,2501173,705821.79,6991286.350000001,50.020015,3.081158,36.33000000000001,16.67898998549101
226,2501177,635964.90005153,6986926.10456157,49.977629,2.108055,,0.0
227,2504337,664846.31,6960817.48,49.745354,2.512575,12.580000000000004,0.9935609947631392
228,2505891,617689.08,6993168.92,50.031578,1.852259,30.110000000000003,1.4653788529916325
229,2505893,614749.97,6994795.82,50.045798,1.810941,2.010000000000005,29.083088394886374
230,2508150,669683.4500000001,6972893.100000001,49.854093,2.57875,2.0,37.62943353318233
231,2516566,629636.6900000001,6969290.38,49.818542,2.022958,35.96000000000001,0.2941287625511327
232,2516570,684419.7996933844,6962947.840474927,49.765278,2.783889,,0.0
233,2516581,613078.3673986418,6979793.919907549,49.910833,1.790833,,0.0
234,2518808,686733.99,6962497.73,49.761286,2.816003,36.120000000000005,0.4107980387312417
235,2520555,637476.67,6987785.0200000005,49.985495,2.128979,36.02,0.8140275037555121
236,2525490,609487.01,6980165.600000001,49.913668,1.7408,30.02000000000001,0.5106866106150905
237,2528676,596769.28,7028312.05,50.344028,1.551625,24.99,1.2495473914555018
238,2532299,622815.27,6983881.87,49.948816,1.925492,3.949999999999996,23.23849278899165
239,2532301,681433.25,6998863.01,50.087818,2.740828,24.02000000000001,0.5834101852174132
240,2532695,659316.20003273,6978073.5045676,49.900048,2.434185,,0.0
241,2532734,599052.34,7001326.73,50.102126,1.590409,17.54,23.63060996174604
242,2534481,661112.48,7012184.98,50.206524,2.455897,41.73000000000002,1.8020805206077992
243,2535283,607801.1,6983390.9,49.942392,1.716621,36.00999999999999,0.219500403704148
244,2536183,628337.24,7018910.13,50.264024,1.996157,35.99000000000001,0.9402870653955404
245,2543945,622930.9914767195,6961129.284660818,49.744444,1.931389,,0.0
246,2554661,624782.50006051,6978033.90456758,49.896526,1.953953,,0.0
247,2555413,600043.6,6988849.22,49.990234,1.60732,30.00000000000001,8.572226694139056
248,2559240,612259.48,6965733.96,49.784424,1.782459,35.41,0.99733069307938
249,2559587,639066.873844876,6976765.0720692845,49.886667,2.152778,,0.0
250,2561085,667618.2000000001,7000328.3,50.100418,2.547871,28.579999999999984,3.470421396474991
251,2567246,646399.3000431,6958993.40458024,49.727674,2.257047,,0.0
252,2575238,652119.9500000001,6991977.88,50.024435,2.332472,41.97000000000001,1.3312718818894125
253,2600166,672507.21,6963535.24,49.77015,2.618613,33.61999999999999,25.96975404685971
254,2607896,675546.8,6998538.55,50.084703,2.65868,24.790000000000006,2.027578311786706
255,2609961,671323.16,6974365.65,49.867398,2.60143,8.709999999999994,13.369468848062352
256,2610631,611829.9,7003362.47,50.122325,1.768355,42.52,0.9994806617355766
257,2614708,617503.99,6968700.29,49.811776,1.854628,36.72999999999999,1.373226553303545
258,2620257,638807.14,6974207.08,49.863663,2.14955,42.06000000000002,1.327972675090185
259,2620259,620781.21,6996522.600000001,50.062092,1.894716,2.3199999999999967,21.700323881448814
260,2621821,649146.6,6977934.8,49.898065,2.292774,35.53,36.05823355211616
261,2623227,647721.91,6978894.4,49.906569,2.272839,32.77,1.1148725911553674
262,2624989,678810.0700000001,6982546.600000001,49.941183,2.705062,2.0700000000000074,24.222835343421124
263,2632178,610555.73,7007002.92,50.154834,1.749754,2.760000000000005,29.81975222390641
264,2636551,647656.3000421,6967080.60457493,49.800436,2.273438,,0.0
265,2639768,655769.74,6962517.0600000005,49.760055,2.386545,13.799999999999995,1.0683372053270774
266,2640050,595497.7077361706,6997906.479644375,50.070833,1.541667,,0.0
267,2640376,627854.13,7001152.41,50.104519,1.992564,42.11,1.0101797001429305
268,2640999,607419.09,7010796.58,50.188443,1.705049,30.06,1.5546687004173605
269,2642150,619042.6900000001,6995138.3100000005,50.049439,1.870739,4.510000000000002,41.65466902924109
270,2642388,594046.0,7001956.5200000005,50.106958,1.520354,3.530000000000001,38.81628844546473
271,2647853,599666.85,7025458.390000001,50.318882,1.592984,18.89,5.134829198275345
272,2650209,674114.9166114301,6978012.349052335,49.900278,2.64,,0.0
273,265326,652363.33,6979198.28,49.909666,2.33736,26.32,0.7107747095809723
274,2654106,663823.00002912,7003086.90455039,50.124986,2.494635,,0.0
275,2659994,623977.90006119,6997974.20455393,50.075522,1.939039,,0.0
276,2662883,660940.5271379843,6993674.089209098,50.040278,2.455278,,0.0
277,2670480,695783.13,6962440.0,49.760893,2.941513,30.18,0.7958220243451049
278,2670539,639137.42,6984680.600000001,49.957774,2.152577,26.989999999999995,5.5797594197696725
279,2672281,673631.63,6972383.140000001,49.849688,2.633642,29.989999999999995,4.36219425939721
280,2683776,671251.97,6961000.33,49.747319,2.601378,2.1099999999999994,27.608014635365148
281,2684361,621340.7747986097,6990899.998441184,50.011667,1.903611,,0.0
282,2689988,652680.39,7012340.78,50.207345,2.337904,30.569999999999997,16.3781474010777
283,2690727,610723.4774743742,6992572.968431202,50.025278,1.755278,,0.0
284,2697178,622544.50006238,7023665.20453567,50.306027,1.914107,,0.0
285,2701364,633060.80005384,6970646.00457254,49.831091,2.070278,,0.0
286,2702228,592438.47,6999374.84,50.083504,1.498595,16.03,0.3755036802453352
287,2706342,665237.64,6959784.69,49.736096,2.518088,11.22,15.13713031312629
288,2710308,623120.65,7011345.67,50.195489,1.924536,10.909999999999997,19.514018749620654
289,2713171,619932.50006447,7016596.30454076,50.242235,1.8789,,0.0
290,2729051,669279.76,6945247.19,49.605677,2.575207,2.009999999999991,11.09996646870447
291,2734933,651174.08,7004672.0200000005,50.138366,2.317756,11.230000000000004,11.006147922985528
292,2734984,675881.90001938,6943453.20459027,49.589841,2.666604,,0.0
293,2736504,650695.52,6984346.63,49.955783,2.313539,28.02,0.6750173688134576
294,2751073,667839.08,6980701.65,49.924147,2.552508,5.579999999999998,3.678728547376991
295,2755704,703125.5811689486,6960144.900598982,49.740278,3.043333,,0.0
296,2774597,675511.26,6956278.04,49.705069,2.660718,8.480000000000004,0.5567398758148722
297,2776947,605171.21,6997680.57,50.070335,1.676687,3.850000000000009,14.100228620206313
298,2778277,605007.08,6993354.36,50.03146,1.67541,2.019999999999996,17.770632305332228
299,2806460,613745.39,7010939.86,50.190629,1.793491,7.439999999999998,24.322110603444084
300,2817293,598955.50008138,7025482.50453432,50.318985,1.583005,,0.0
301,2828017,594050.40008531,7012048.30454397,50.19757,1.51777,,0.0
302,2839581,606111.6219383985,6986028.559609911,49.965833,1.6925,,0.0
303,2842833,612493.12,6994769.05,50.045248,1.779474,16.560000000000002,3.9197070885874505
304,2844233,637000.02,6994384.88,50.044724,2.121316,2.8600000000000065,6.675473368636921
305,2856538,687880.04,6953917.73,49.684217,2.832152,30.02000000000001,7.591736374093889
306,2860784,696728.6900000001,6977736.87,49.898325,2.954506,30.76,4.511745574340072
307,2869427,670450.42,6956233.98,49.704457,2.590607,2.009999999999998,33.73546210736725
308,2876424,671047.70002327,6950593.6045857,49.653803,2.599278,,0.0
309,2880306,701028.19999917,6957190.60458145,49.71374,3.014248,,0.0
310,2885698,645790.70004362,6982077.60456488,49.935,2.245555,,0.0
311,2886199,660667.60003166,7003109.60455037,50.125,2.450556,,0.0
312,2888306,616302.02,7003452.18,50.123741,1.830798,7.559999999999995,38.88636539498135
313,2892851,616833.53,7002136.32,50.111995,1.838492,2.38,1.7538087636699606
314,2893184,648220.43,6978780.13,49.905584,2.279787,6.289999999999999,31.75583451306087
315,2894622,615266.05,7002142.29,50.11184,1.816603,8.700000000000001,9.46676574474768
316,2902873,690446.42,6968884.78,49.818737,2.867345,36.010000000000005,0.6713083486438902
317,2914788,613771.28,7003247.74,50.121563,1.795494,4.989999999999999,18.90364779376483
318,2917087,651109.60003935,6995348.80455578,50.054633,2.31798,,0.0
319,2937855,639323.90004882,6984736.80456306,49.958297,2.155165,,0.0
320,2947205,604335.02,7025310.92,50.318288,1.65847,2.17,39.50015184668142
321,2947434,694620.51,6979509.09,49.91423,2.925164,27.220000000000013,13.746836805427018
322,2957112,602177.40007872,6991073.70455866,50.010546,1.636509,,0.0
323,2957310,689403.68,6982324.91,49.939459,2.852517,24.960000000000008,0.5982225764192057
324,2965202,654150.92,7005815.44,50.148858,2.35922,5.199999999999989,5.157054783079063
325,2967596,601489.0,7010457.23,50.184495,1.622202,15.270000000000003,33.10817886758293
326,2970803,638853.90004919,6976624.50456855,49.885383,2.149838,,0.0
327,2975378,697840.41,6988340.67,49.99358,2.96991,2.230000000000004,13.752899811900928
328,2981176,617844.77,7000533.68,50.097736,1.852938,27.290000000000006,12.396268160686851
329,2986195,655957.49,6957197.01,49.712269,2.389719,14.560000000000002,5.234853826192568
330,2987261,631129.59,6963548.09,49.767119,2.04465,8.660000000000025,27.7063319895179
331,2989296,670000.70002414,6989381.80455992,50.002222,2.581945,,0.0
332,2990221,600872.46,7015389.12,50.228678,1.612369,10.489999999999998,15.62419050258046
333,2990362,699238.80000061,6961288.00457878,49.750556,2.989445,,0.0
334,2998642,690870.04,6959148.59,49.731268,2.873444,2.5900000000000034,18.42474253527736
335,3004897,656249.29,6966193.890000001,49.793122,2.392803,36.06,0.8399473374262749
336,3005935,631681.23,7000769.08,50.101503,2.046064,2.8700000000000045,18.472809118531217
337,3007120,612319.72,6984845.44,49.9561,1.779195,15.900000000000006,6.284076344264636
338,3008439,684388.64,6959893.29,49.737833,2.783573,14.700000000000005,6.692610492634589
339,3018890,683011.15,6956665.140000001,49.708792,2.76461,2.1599999999999966,13.508088627415864
340,3019238,683299.52,6950228.69,49.650965,2.768866,16.690000000000012,24.59740130651626
341,3021119,618498.9,6964464.0,49.773849,1.869281,5.939999999999998,40.88720560803722
342,3024341,703264.84,6973431.42,49.859647,3.04537,28.950000000000003,10.695356988798046
343,3030196,690735.3,6987465.15,49.985652,2.870934,25.04000000000002,12.924706895962276
344,3032941,642165.86,6981888.97,49.932984,2.195137,4.109999999999999,12.705425584632495
345,3035629,600276.68,7003172.0200000005,50.11889,1.607047,2.0600000000000023,29.230770275736763
346,3039108,637444.70005035,6998571.40455353,50.082366,2.126872,,0.0
347,3039875,681934.1,6948865.640000001,49.638679,2.750029,2.239999999999995,29.47628749055724
348,3040028,603187.1900000001,7000692.43,50.097079,1.648286,2.1099999999999994,2.844750700315013
349,3041144,689426.6000085,6963090.90457759,49.766666,2.853334,,0.0
350,3042481,647195.27,6979348.26,49.910602,2.265455,10.64,8.902304201709955
351,3044575,672120.42,6996389.66,50.065261,2.611003,2.219999999999999,12.274980661236093
352,3049260,705150.47,6959737.96,49.736608,3.071401,4.510000000000005,21.930768358381776
353,3050570,622515.1366351137,6999513.474987349,50.089167,1.918333,,0.0
354,3054701,655672.18,6973195.44,49.855982,2.384036,8.549999999999997,32.742442963722254
355,3062801,636820.7879829585,7006388.210871739,50.1525,2.116944,,0.0
356,3064052,687467.59,6970443.05,49.832684,2.825935,30.090000000000003,12.710514342340057
357,3075893,638847.0700000001,6958630.16,49.723727,2.152428,9.700000000000005,18.792701064334437
358,3078323,619105.81,6980146.600000001,49.914802,1.874599,2.0,36.29764899683559
359,3080386,620032.5611191072,7018109.525587373,50.255833,1.88,,0.0
360,3091650,709530.89999233,6989931.10455955,50.007797,3.132832,,0.0
361,3097729,701017.4033996615,6984787.44204049,49.961667,3.014167,,0.0
362,3097731,638409.4580673993,6982462.219645259,49.937778,2.142778,,0.0
363,3097902,689274.60000863,6979073.20456695,49.910247,2.850806,,0.0
364,3106612,618014.0,7006480.88,50.151162,1.854096,2.0700000000000003,29.560222355891412
365,3107663,659125.03,6986999.41,49.980213,2.430631,3.9099999999999966,24.275307390473955
366,3113346,686138.3,6967239.84,49.803879,2.807581,15.909999999999997,0.3645748600206093
367,3113498,636788.74,6955999.42,49.699888,2.124307,2.219999999999999,35.23322459309979
368,3113500,654707.1900000001,7009279.95,50.180009,2.366606,2.1099999999999994,38.47744536502699
369,3114315,664135.16,6979554.05,49.913639,2.501073,3.419999999999998,32.6944906855456
370,3116036,604575.11,7023140.640000001,50.298842,1.662352,2.03,39.7626892608724
371,3118129,666553.15,6982661.71,49.941687,2.534455,11.160000000000004,28.64997430260081
372,3118421,671154.6893367962,6985046.262167079,49.963333,2.598333,,0.0
373,3120599,605556.8783160716,7006545.958613388,50.15,1.68,,0.0
374,3126654,614215.8200000001,6964568.8100000005,49.774225,1.809846,2.549999999999983,29.65746006142432
375,3126973,620669.49,6984755.76,49.956399,1.895454,2.019999999999996,40.40825778537017
376,3143567,677679.3253830331,6965072.666039761,49.784167,2.690278,,0.0
377,3161504,640555.29,6995211.3,50.052491,2.170778,4.219999999999999,30.17927124265756
378,3161562,688063.8650644969,6991139.636126979,50.018611,2.833611,,0.0
379,3182931,611919.9098043645,6988780.790115462,49.991389,1.772778,,0.0
380,3185661,651296.46,6979554.74,49.912786,2.322477,14.149999999999991,1.8856579380629728
381,3191376,686071.66,6992005.2700000005,50.026345,2.80581,3.6100000000000136,31.831190286959192
382,3194814,605440.53,7020522.350000001,50.275467,1.675097,9.71,24.72341523105149
383,3204158,667953.9010825407,6983455.369349559,49.948889,2.553889,,0.0
384,3205561,611271.99,7005794.19,50.144082,1.76003,2.01,30.73566237441173
385,3244662,683369.7179662539,6953088.804529666,49.676667,2.769722,,0.0
386,3266631,609205.1,7007907.17,50.16276,1.730675,4.100000000000001,8.797661818324924
387,3273571,643878.21,6983437.19,49.947045,2.218753,4.719999999999999,31.75924908400087
388,3276112,652367.10003834,7001055.10455181,50.105977,2.334851,,0.0
389,3276765,659051.76,6981625.03,49.931933,2.430151,3.530000000000001,41.56728152615482
390,3282584,629316.77,7010043.82,50.184527,2.011432,17.650000000000006,9.672944184348554
391,3300148,647477.4960818079,6981010.3439880125,49.925556,2.269167,,0.0
392,3305084,693764.65,6971357.67,49.840995,2.913382,7.050000000000011,18.312811431877748
393,3313051,599136.01,7021322.66,50.28167,1.58658,25.34,1.0996218112387897
394,3321788,635637.3200000001,6979698.390000001,49.912676,2.104634,5.180000000000007,32.76509338989901
395,3322112,612229.2000000001,7024629.76,50.313327,1.769302,3.110000000000003,42.24877655745886
396,3324026,600875.4500000001,7015412.16,50.228885,1.612405,7.869999999999999,7.759489355878701
397,355018,618036.9400000001,6964990.63,49.77852,1.862768,30.629999999999995,0.4783623522637172
398,363918,651035.72,6976116.47,49.881881,2.319263,13.82,14.88214647036721
399,381895,649390.72,6976933.63,49.889092,2.296293,18.14,15.501154880931807
400,435641,616061.3749105278,6991068.556943076,50.0125,1.83,,0.0
401,437488,693456.20000526,6962906.50457771,49.765064,2.909232,,0.0
402,437497,644348.72,7004712.600000001,50.138164,2.222386,88.11000000000001,2.745142657842377
403,437657,608676.25,7000829.640000001,50.099131,1.724881,15.119999999999996,0.6174590017699293
404,438812,649779.5,6977020.25,49.889901,2.301688,23.790000000000006,24.158278014928204
405,440810,614628.5,6973527.38,49.854756,1.813704,29.879999999999995,2.101285603238693
406,450535,624964.80006038,6985878.30456226,49.967006,1.955045,,0.0
407,456417,649683.91,6979411.2,49.911371,2.300064,52.81,12.688229319179884
408,457248,616311.33,7003447.51,50.1237,1.830929,6.509999999999998,36.092310221684286
409,457460,658388.37,6982098.88,49.936146,2.420871,25.5,4.752050971289675
410,460754,695593.4500000001,6982998.23,49.94558,2.938661,2.75,32.57413314059866
411,461802,652439.48,6962644.23,49.760957,2.340343,11.570000000000007,17.82357621240627
412,462036,651323.0041998045,6975471.743229846,49.876111,2.323333,,0.0
413,468011,619049.56,7000222.3100000005,50.095096,1.86982,53.78999999999999,16.77743822691365
414,472746,699246.10000061,6961395.2045787,49.751519,2.989546,,0.0
415,474109,699408.9500000001,6971220.01,49.839788,2.99179,24.930000000000007,0.4004472663053472
416,474720,647735.72,6973580.640000001,49.858837,2.27371,15.159999999999997,9.213423239881177
417,474858,628296.23,6998431.7700000005,50.080137,1.999218,47.18000000000001,1.5037523378946065
418,474862,639540.99,7010843.37,50.192773,2.154295,34.80999999999999,10.711658632317706
419,476752,650995.7000000001,6976888.88,49.888816,2.318614,40.650000000000006,21.730254873516756
420,477605,705980.87,6961530.59,49.752707,3.082939,51.8,0.3873394115476999
421,479688,657428.21,6972263.47,49.847731,2.408533,5.369999999999997,26.654773151680143
422,482436,614714.2000000001,6998788.75,50.081651,1.809603,94.58,31.267806234261062
423,482468,645663.5,6968900.5200000005,49.816618,2.245537,41.81999999999999,5.547008782988192
424,483507,611275.88,7012430.04,50.203665,1.758626,14.489999999999997,6.108361359363529
425,483732,665164.34,6974955.74,49.87239,2.515782,15.400000000000006,0.3657723626538733
426,484040,648311.15,6975605.66,49.877075,2.28145,36.78,16.967612973195735
427,485901,596425.3200000001,6989252.5600000005,49.993273,1.556816,14.939999999999998,0.6664129333481765
428,486695,598389.86,7028221.62,50.343481,1.574381,15.14,17.092159866524717
429,492669,683234.25,6952112.9,49.667894,2.767886,26.120000000000005,0.7536808522927392
430,492982,684269.9500000001,6956297.44,49.705521,2.782065,11.72,4.255247624952411
431,492995,647099.6900000001,6974440.58,49.866509,2.264761,13.28,1.007035498344681
432,493288,706169.26,6984363.100000001,49.957826,3.085896,38.94,16.317910125557795
433,493418,664785.42,6985275.11,49.965066,2.509624,37.68000000000001,2.7409463630392445
434,493486,604233.54,7020258.32,50.272914,1.658251,33.370000000000005,1.8398789397792183
435,494183,694546.16,6987215.99,49.983458,2.924026,36.620000000000005,2.0568774494989133
436,495231,585482.8200000001,6997801.91,50.068154,1.401975,46.86999999999999,2.404630566789827
437,495354,596909.91,6997382.76,50.066363,1.561503,48.58,0.6787375547314103
438,496106,688775.1,6974161.71,49.866116,2.843993,42.650000000000006,2.7548793644296925
439,496215,675006.34,6989251.58,50.001271,2.651708,51.09,13.507298875381506
440,496255,595465.46,6999576.850000001,50.085827,1.540786,2.510000000000005,34.47024091165952
441,496287,664935.18,6978473.65,49.903979,2.512295,15.180000000000003,0.621231951545683
442,497367,652783.14,7007707.58,50.165748,2.339884,14.459999999999994,0.2645954880159893
443,498390,652804.18,6956934.8100000005,49.709687,2.346056,37.35000000000001,5.597676702102167
444,498959,640945.09,6988160.29,49.9892,2.17724,15.860000000000014,3.925398801800831
445,499012,675817.6900000001,6988997.51,49.99902,2.663029,27.05,2.739031163331177
446,500101,654110.75,6974502.71,49.867615,2.362193,9.79,12.918713288340918
447,501509,663691.7000000001,6964375.05,49.777252,2.496251,37.58999999999999,10.454766163421455
448,501523,602708.79,7025345.41,50.318347,1.635662,35.12,7.714114786601423
449,502928,645795.29,6979873.07,49.915198,2.245912,41.84,10.539050371694085
450,508958,686296.5896996916,6968910.177996179,49.818889,2.809722,,0.0
451,509375,656697.52,6954302.23,49.68631,2.400277,15.139999999999986,0.4265365510341803
452,509710,685531.7000000001,6964045.91,49.77517,2.799273,40.50999999999999,0.3213807079773522
453,512985,647504.79,6990382.84,50.009742,2.268338,7.349999999999994,19.71670932991681
454,516764,618056.9,7001710.88,50.108335,1.855662,39.83,12.301420872504409
455,517064,614748.89,7005020.66,50.137617,1.808775,50.54,15.331434145583486
456,517258,647650.41,6978912.49,49.906726,2.271842,14.960000000000004,14.196961363121815
457,517564,592822.43,7010131.67,50.180154,1.501104,40.330000000000005,1.3570374261193665
458,519482,662207.93,6953725.82,49.681483,2.476645,35.86999999999999,21.25406522546935
459,521662,648489.33,6982213.61,49.936447,2.283093,25.3,7.031133098301337
460,522836,645707.75,6981910.34,49.93349,2.244423,13.380000000000004,13.55824251781223
461,529415,650264.77,6978563.5600000005,49.903802,2.308247,12.010000000000003,22.18736377923726
462,530781,619544.3,6989081.21,49.995105,1.878934,15.540000000000006,0.6136533830814224
463,530883,599598.03,7021223.350000001,50.280853,1.593077,18.3,2.678887726208485
464,531215,668229.1469856909,7004020.890967562,50.133611,2.556111,,0.0
465,538323,683921.88,6959416.8100000005,49.73354,2.777121,9.550000000000011,14.98552132599422
466,546663,632516.13,6994000.140000001,50.040804,2.058847,6.4950000000000045,35.91503838315651
467,553623,588412.58,7001142.49,50.098676,1.441927,35.709999999999994,0.8800304968422494
468,555622,649564.41,6978292.09,49.901308,2.29854,15.53,10.325101679063009
469,560055,629894.4400000001,6969232.8,49.818053,2.026546,37.59,8.680305050223113
470,560069,661189.99,6969728.12,49.825196,2.461036,26.06,1.5835331933311063
471,560515,614142.74,7019323.45,50.265954,1.797262,25.000000000000007,13.761039428808589
472,567326,649655.85,6977251.2,49.891965,2.29994,14.799999999999995,4.91839820759525
473,568467,655312.1,6961434.95,49.750301,2.380315,25.72,3.734530416526006
474,573554,649809.31,6975884.08,49.879697,2.302242,15.730000000000004,3.153369062359835
475,573924,690212.24,6985052.09,49.963969,2.863706,47.290000000000006,11.194595784121807
476,587183,689307.5000086,6979119.40456692,49.910662,2.851263,,0.0
477,590447,612320.1900000001,6984844.09,49.956088,1.779202,24.879999999999995,7.218868964554093
478,594846,649092.56,6977338.2700000005,49.892703,2.292097,40.0,12.322507777111593
479,601450,684932.30001211,6955693.00458242,49.700106,2.791264,,0.0
480,602295,651631.63,6991839.71,50.023157,2.32568,42.50999999999999,15.748516006223792
481,605710,674326.9630279207,6989546.131779952,50.003889,2.642222,,0.0
482,617870,644657.54,6962821.43,49.761917,2.232391,42.01000000000002,1.2765727985583215
483,618076,664082.49,6980450.42,49.921688,2.500261,6.110000000000007,28.547876434843253
484,621993,626349.88,6963822.94,49.769051,1.978305,50.620000000000005,0.5562069526123476
485,629019,705756.33,6960567.22,49.744054,3.079812,40.97,2.37004553828453
486,632277,656336.23,6966787.640000001,49.798462,2.393947,12.740000000000007,0.2173748782920718
487,633319,685740.79,6965641.99,49.789514,2.802118,5.430000000000007,1.6351158504605807
488,634308,666343.66,6973809.97,49.862161,2.532269,5.070000000000007,7.62124622695212
489,640138,654175.22,7005882.21,50.14946,2.359552,8.870000000000005,7.876642260148117
490,640662,689659.81,6988547.57,49.995357,2.855924,24.0,0.8154473065658163
491,643446,651150.4400000001,7001533.47,50.110179,2.317805,31.17999999999998,11.132617880142485
492,646178,598026.72,7003193.09,50.118719,1.575621,14.130000000000004,0.44377404648796
493,646725,643235.89,6986559.41,49.975031,2.209377,28.130000000000003,5.984168694962249
494,647521,691261.72,6990167.08,50.009928,2.87821,70.74000000000001,0.6093951101578866
495,650117,699495.10000041,6979900.50456639,49.917769,2.992976,,0.0
496,664334,684536.33,6971817.38,49.844966,2.785171,35.96000000000001,12.833431516354803
497,668824,591086.88,7000061.62,50.089438,1.479549,35.000000000000014,0.4527307659904729
498,677924,634162.13,6969591.74,49.821736,2.085742,30.03,0.3566587490575992
499,682102,602179.46,7010003.08,50.180525,1.631967,2.530000000000001,27.55172962069528
500,683244,609919.9656748167,6972050.094057231,49.840833,1.748611,,0.0
501,685529,604678.5700000001,7016595.24,50.240095,1.665353,32.29,17.951178345394545
502,690774,647511.70004223,6982085.70456488,49.935218,2.269504,,0.0
503,695366,650082.63,6976537.87,49.885591,2.305961,13.639999999999992,10.036342455420868
504,695381,651035.67,6979095.18,49.908638,2.318905,26.620000000000005,3.2117252057218737
505,697990,649760.79,6979372.37,49.911028,2.301138,14.059999999999995,20.276189088167573
506,698402,656776.13,6999715.82,50.094267,2.396559,32.920000000000016,0.5067127956039107
507,698408,648556.81,6994138.99,50.043564,2.282524,34.95000000000002,5.5006227688852585
508,700789,624643.56,7005284.600000001,50.141249,1.946968,30.00999999999999,15.475249842929268
509,702003,675083.35,6988090.26,49.990843,2.652852,15.079999999999998,5.442342001703234
510,703972,645192.4,6977284.100000001,49.89189,2.237873,30.10000000000001,14.492382778862368
511,707978,682403.6,6947174.640000001,49.623497,2.756597,45.46000000000001,1.722268597495344
512,709400,688439.4,6975324.45,49.876556,2.839295,50.02000000000001,1.971935791279924
513,730734,668036.53,6955135.67,49.694471,2.55725,40.52000000000001,3.6020680774204585
514,738362,699808.85,6964703.850000001,49.781246,2.997348,30.010000000000005,0.2089208962880929
515,739325,650883.5,6970284.04,49.829474,2.317847,6.649999999999992,5.770396175258933
516,739396,650641.1900000001,6989516.11,50.002211,2.312155,15.669999999999987,15.975680278084164
517,742978,606389.18,6990942.15,50.010003,1.695234,11.670000000000002,3.1627260465976352
518,744897,602519.91,6984010.13,49.947161,1.642974,15.199999999999989,8.989025715358668
519,758691,662071.9,6973774.22,49.861598,2.472908,36.05,0.5250347402795491
520,759584,694216.77,6980262.28,49.920993,2.919537,31.26,14.7541933723941
521,761143,625873.6900000001,6968343.79,49.809609,1.970883,51.19,13.107097773357784
522,771841,695370.4243671697,6983088.419698877,49.946389,2.935556,,0.0
523,788587,679735.13,6998215.99,50.081954,2.717157,50.02000000000001,15.238152627652834
524,797539,627718.29,6960703.88,49.741187,1.997835,2.1299999999999955,19.156091963124112
525,801449,693958.1,6971512.49,49.842387,2.916067,29.97,0.4002701984814867
526,801605,625113.7000000001,7016568.43,50.242623,1.951443,29.989999999999995,0.3820311774109706
527,801845,629421.63,7004695.47,50.136513,2.013832,35.93999999999998,1.6370113375999182
528,806159,627702.92,6997229.74,50.069275,1.991152,34.47999999999999,12.378342441354633
529,814908,633192.40005377,6992023.50455806,50.023124,2.068603,,0.0
530,816571,669813.6639200223,6950269.485082626,49.650833,2.582222,,0.0
531,816577,675817.9500000001,6988995.25,49.999,2.663033,25.89999999999999,1.060044153584399
532,816599,694378.03,6992273.82,50.028886,2.921614,53.47,3.766219070526744
533,817105,647829.41,6977485.8,49.893925,2.274514,59.97,6.385436603996089
534,817107,651925.33,6974999.26,49.871913,2.331762,6.310000000000002,17.475814509331443
535,817111,633414.3,6957728.69,49.71508,2.077283,39.61,2.652112184488306
536,817113,674216.51,6955950.100000001,49.702071,2.642801,34.92,14.142787820758606
537,817115,593476.14,6991508.61,50.013042,1.515141,35.75,0.8313750313210889
538,817132,648260.83,6976699.600000001,49.886898,2.280612,15.86999999999999,6.603025080735448
539,817140,618618.22,6979534.78,49.909243,1.867939,30.079999999999984,0.7247545029827439
540,817142,610862.01,6976752.13,49.883203,1.760671,29.950000000000003,20.141784729173537
541,817178,655306.9400000001,6974567.66,49.868284,2.378811,17.570000000000007,3.1703425233238733
542,817319,649417.49,6974930.44,49.871099,2.296913,14.720000000000011,2.6456724866160903
543,817359,616515.83,7001478.04,50.106042,1.834192,42.02,7.922214413267858
544,817403,610564.89,7018139.0600000005,50.254821,1.747413,49.86,0.1232546194070976
545,817420,683159.63,6955987.53,49.702707,2.766695,12.430000000000009,16.84914795233
546,817422,649502.26,6980907.9,49.9248,2.297352,15.259999999999998,30.540587149651827
547,817424,696470.41,6980744.08,49.925337,2.950888,20.67,7.694058388804121
548,832948,679760.58,6988466.49,49.994389,2.717998,12.909999999999997,42.21083426740392
549,850136,585375.01,6997069.49,50.061557,1.400678,24.85,14.98695015631989
550,851972,619707.20006465,7009961.40454549,50.182633,1.877067,,0.0
551,884835,650719.9400000001,6975323.92,49.874736,2.314968,26.989999999999995,2.7793397023813338
552,953437,676055.5307185992,6992940.514296128,50.034444,2.666111,,0.0
553,954401,632372.76,6984595.8100000005,49.956324,2.058412,15.029999999999994,0.7475275740170111
554,993841,589299.1,7001813.640000001,50.104858,1.454119,52.69999999999999,0.771051679193596
